observation_date,DGS10
2015-01-02,0.0212
2015-01-05,0.0204
2015-01-06,0.0197
2015-01-07,0.0196
2015-01-08,0.0203
2015-01-09,0.019799999999999998
2015-01-12,0.0192
2015-01-13,0.0191
2015-01-14,0.018600000000000002
2015-01-15,0.0177
2015-01-16,0.0183
2015-01-19,0.018250000000000002
2015-01-20,0.0182
2015-01-21,0.0187
2015-01-22,0.019
2015-01-23,0.0181
2015-01-26,0.0183
2015-01-27,0.0183
2015-01-28,0.0173
2015-01-29,0.0177
2015-01-30,0.0168
2015-02-02,0.0168
2015-02-03,0.0179
2015-02-04,0.0181
2015-02-05,0.0183
2015-02-06,0.0195
2015-02-09,0.0196
2015-02-10,0.020099999999999996
2015-02-11,0.02
2015-02-12,0.0199
2015-02-13,0.0202
2015-02-16,0.0208
2015-02-17,0.021400000000000002
2015-02-18,0.0207
2015-02-19,0.021099999999999997
2015-02-20,0.0213
2015-02-23,0.0206
2015-02-24,0.0199
2015-02-25,0.0196
2015-02-26,0.0203
2015-02-27,0.02
2015-03-02,0.0208
2015-03-03,0.0212
2015-03-04,0.0212
2015-03-05,0.021099999999999997
2015-03-06,0.022400000000000003
2015-03-09,0.022000000000000002
2015-03-10,0.021400000000000002
2015-03-11,0.021099999999999997
2015-03-12,0.021
2015-03-13,0.0213
2015-03-16,0.021
2015-03-17,0.0206
2015-03-18,0.019299999999999998
2015-03-19,0.019799999999999998
2015-03-20,0.019299999999999998
2015-03-23,0.0192
2015-03-24,0.018799999999999997
2015-03-25,0.019299999999999998
2015-03-26,0.020099999999999996
2015-03-27,0.0195
2015-03-30,0.0196
2015-03-31,0.0194
2015-04-01,0.0187
2015-04-02,0.0192
2015-04-03,0.018500000000000003
2015-04-06,0.0192
2015-04-07,0.0189
2015-04-08,0.0192
2015-04-09,0.0197
2015-04-10,0.0196
2015-04-13,0.0194
2015-04-14,0.019
2015-04-15,0.0191
2015-04-16,0.019
2015-04-17,0.0187
2015-04-20,0.019
2015-04-21,0.0192
2015-04-22,0.0199
2015-04-23,0.0196
2015-04-24,0.019299999999999998
2015-04-27,0.0194
2015-04-28,0.02
2015-04-29,0.0206
2015-04-30,0.020499999999999997
2015-05-01,0.0212
2015-05-04,0.0216
2015-05-05,0.0219
2015-05-06,0.0225
2015-05-07,0.0218
2015-05-08,0.0216
2015-05-11,0.022799999999999997
2015-05-12,0.022799999999999997
2015-05-13,0.0227
2015-05-14,0.0223
2015-05-15,0.021400000000000002
2015-05-18,0.0223
2015-05-19,0.0227
2015-05-20,0.0226
2015-05-21,0.0219
2015-05-22,0.022099999999999998
2015-05-25,0.02175
2015-05-26,0.021400000000000002
2015-05-27,0.021400000000000002
2015-05-28,0.0213
2015-05-29,0.0212
2015-06-01,0.0219
2015-06-02,0.0227
2015-06-03,0.023799999999999998
2015-06-04,0.0231
2015-06-05,0.0241
2015-06-08,0.0239
2015-06-09,0.0242
2015-06-10,0.025
2015-06-11,0.0239
2015-06-12,0.0239
2015-06-15,0.0236
2015-06-16,0.0232
2015-06-17,0.0232
2015-06-18,0.0235
2015-06-19,0.0226
2015-06-22,0.023700000000000002
2015-06-23,0.0242
2015-06-24,0.023799999999999998
2015-06-25,0.024
2015-06-26,0.024900000000000002
2015-06-29,0.0233
2015-06-30,0.0235
2015-07-01,0.024300000000000002
2015-07-02,0.024
2015-07-03,0.023499999999999997
2015-07-06,0.023
2015-07-07,0.0227
2015-07-08,0.0222
2015-07-09,0.0232
2015-07-10,0.0242
2015-07-13,0.024399999999999998
2015-07-14,0.0241
2015-07-15,0.0236
2015-07-16,0.0236
2015-07-17,0.023399999999999997
2015-07-20,0.023799999999999998
2015-07-21,0.0235
2015-07-22,0.0233
2015-07-23,0.022799999999999997
2015-07-24,0.0227
2015-07-27,0.0223
2015-07-28,0.0226
2015-07-29,0.0229
2015-07-30,0.022799999999999997
2015-07-31,0.022000000000000002
2015-08-03,0.0216
2015-08-04,0.0223
2015-08-05,0.022799999999999997
2015-08-06,0.0223
2015-08-07,0.0218
2015-08-10,0.022400000000000003
2015-08-11,0.0215
2015-08-12,0.021400000000000002
2015-08-13,0.0219
2015-08-14,0.022000000000000002
2015-08-17,0.0216
2015-08-18,0.022000000000000002
2015-08-19,0.0212
2015-08-20,0.0209
2015-08-21,0.020499999999999997
2015-08-24,0.020099999999999996
2015-08-25,0.0212
2015-08-26,0.0218
2015-08-27,0.0218
2015-08-28,0.0219
2015-08-31,0.022099999999999998
2015-09-01,0.0217
2015-09-02,0.022000000000000002
2015-09-03,0.0218
2015-09-04,0.0213
2015-09-07,0.02165
2015-09-08,0.022000000000000002
2015-09-09,0.022099999999999998
2015-09-10,0.0223
2015-09-11,0.022000000000000002
2015-09-14,0.0218
2015-09-15,0.022799999999999997
2015-09-16,0.023
2015-09-17,0.022099999999999998
2015-09-18,0.0213
2015-09-21,0.022000000000000002
2015-09-22,0.021400000000000002
2015-09-23,0.0216
2015-09-24,0.0213
2015-09-25,0.0217
2015-09-28,0.021
2015-09-29,0.020499999999999997
2015-09-30,0.0206
2015-10-01,0.020499999999999997
2015-10-02,0.0199
2015-10-05,0.0207
2015-10-06,0.020499999999999997
2015-10-07,0.0208
2015-10-08,0.0212
2015-10-09,0.0212
2015-10-12,0.0209
2015-10-13,0.0206
2015-10-14,0.0199
2015-10-15,0.0204
2015-10-16,0.0204
2015-10-19,0.0204
2015-10-20,0.0208
2015-10-21,0.0204
2015-10-22,0.0204
2015-10-23,0.0209
2015-10-26,0.0207
2015-10-27,0.020499999999999997
2015-10-28,0.021
2015-10-29,0.0219
2015-10-30,0.0216
2015-11-02,0.022000000000000002
2015-11-03,0.0223
2015-11-04,0.0225
2015-11-05,0.0226
2015-11-06,0.023399999999999997
2015-11-09,0.0236
2015-11-10,0.0232
2015-11-11,0.0232
2015-11-12,0.0232
2015-11-13,0.022799999999999997
2015-11-16,0.0227
2015-11-17,0.0225
2015-11-18,0.0227
2015-11-19,0.022400000000000003
2015-11-20,0.0226
2015-11-23,0.0225
2015-11-24,0.022400000000000003
2015-11-25,0.0223
2015-11-26,0.022250000000000002
2015-11-27,0.0222
2015-11-30,0.022099999999999998
2015-12-01,0.0215
2015-12-02,0.0218
2015-12-03,0.0233
2015-12-04,0.022799999999999997
2015-12-07,0.0223
2015-12-08,0.022400000000000003
2015-12-09,0.0222
2015-12-10,0.022400000000000003
2015-12-11,0.0213
2015-12-14,0.0223
2015-12-15,0.022799999999999997
2015-12-16,0.023
2015-12-17,0.022400000000000003
2015-12-18,0.0219
2015-12-21,0.022000000000000002
2015-12-22,0.022400000000000003
2015-12-23,0.0227
2015-12-24,0.0225
2015-12-25,0.02245
2015-12-28,0.022400000000000003
2015-12-29,0.0232
2015-12-30,0.0231
2015-12-31,0.0227
2016-01-01,0.02255
2016-01-04,0.022400000000000003
2016-01-05,0.0225
2016-01-06,0.0218
2016-01-07,0.0216
2016-01-08,0.0213
2016-01-11,0.0217
2016-01-12,0.0212
2016-01-13,0.0208
2016-01-14,0.021
2016-01-15,0.0203
2016-01-18,0.02045
2016-01-19,0.0206
2016-01-20,0.020099999999999996
2016-01-21,0.0202
2016-01-22,0.0207
2016-01-25,0.0203
2016-01-26,0.020099999999999996
2016-01-27,0.0202
2016-01-28,0.02
2016-01-29,0.0194
2016-02-01,0.0197
2016-02-02,0.0187
2016-02-03,0.018799999999999997
2016-02-04,0.0187
2016-02-05,0.018600000000000002
2016-02-08,0.0175
2016-02-09,0.0174
2016-02-10,0.0171
2016-02-11,0.0163
2016-02-12,0.0174
2016-02-15,0.0176
2016-02-16,0.0178
2016-02-17,0.0181
2016-02-18,0.0175
2016-02-19,0.0176
2016-02-22,0.0177
2016-02-23,0.0174
2016-02-24,0.0175
2016-02-25,0.0171
2016-02-26,0.0176
2016-02-29,0.0174
2016-03-01,0.0183
2016-03-02,0.0184
2016-03-03,0.0183
2016-03-04,0.018799999999999997
2016-03-07,0.0191
2016-03-08,0.0183
2016-03-09,0.019
2016-03-10,0.019299999999999998
2016-03-11,0.019799999999999998
2016-03-14,0.0197
2016-03-15,0.0197
2016-03-16,0.0194
2016-03-17,0.0191
2016-03-18,0.018799999999999997
2016-03-21,0.0192
2016-03-22,0.0194
2016-03-23,0.018799999999999997
2016-03-24,0.0191
2016-03-25,0.019
2016-03-28,0.0189
2016-03-29,0.0181
2016-03-30,0.0183
2016-03-31,0.0178
2016-04-01,0.0179
2016-04-04,0.0178
2016-04-05,0.0173
2016-04-06,0.0176
2016-04-07,0.017
2016-04-08,0.0172
2016-04-11,0.0173
2016-04-12,0.0179
2016-04-13,0.0177
2016-04-14,0.018000000000000002
2016-04-15,0.0176
2016-04-18,0.0178
2016-04-19,0.0179
2016-04-20,0.018500000000000003
2016-04-21,0.018799999999999997
2016-04-22,0.0189
2016-04-25,0.0191
2016-04-26,0.0194
2016-04-27,0.0187
2016-04-28,0.0184
2016-04-29,0.0183
2016-05-02,0.018799999999999997
2016-05-03,0.0181
2016-05-04,0.0179
2016-05-05,0.0176
2016-05-06,0.0179
2016-05-09,0.0177
2016-05-10,0.0177
2016-05-11,0.0173
2016-05-12,0.0175
2016-05-13,0.0171
2016-05-16,0.0175
2016-05-17,0.0176
2016-05-18,0.0187
2016-05-19,0.018500000000000003
2016-05-20,0.018500000000000003
2016-05-23,0.0184
2016-05-24,0.018600000000000002
2016-05-25,0.0187
2016-05-26,0.0183
2016-05-27,0.018500000000000003
2016-05-30,0.01845
2016-05-31,0.0184
2016-06-01,0.018500000000000003
2016-06-02,0.0181
2016-06-03,0.0171
2016-06-06,0.0173
2016-06-07,0.0172
2016-06-08,0.0171
2016-06-09,0.0168
2016-06-10,0.016399999999999998
2016-06-13,0.016200000000000003
2016-06-14,0.016200000000000003
2016-06-15,0.016
2016-06-16,0.015700000000000002
2016-06-17,0.016200000000000003
2016-06-20,0.0167
2016-06-21,0.0171
2016-06-22,0.0169
2016-06-23,0.0174
2016-06-24,0.015700000000000002
2016-06-27,0.0146
2016-06-28,0.0146
2016-06-29,0.015
2016-06-30,0.0149
2016-07-01,0.0146
2016-07-04,0.014150000000000001
2016-07-05,0.0137
2016-07-06,0.0138
2016-07-07,0.013999999999999999
2016-07-08,0.0137
2016-07-11,0.0143
2016-07-12,0.015300000000000001
2016-07-13,0.0148
2016-07-14,0.015300000000000001
2016-07-15,0.016
2016-07-18,0.0159
2016-07-19,0.015600000000000001
2016-07-20,0.0159
2016-07-21,0.015700000000000002
2016-07-22,0.015700000000000002
2016-07-25,0.0158
2016-07-26,0.015700000000000002
2016-07-27,0.0152
2016-07-28,0.0152
2016-07-29,0.0146
2016-08-01,0.0151
2016-08-02,0.0155
2016-08-03,0.0155
2016-08-04,0.0151
2016-08-05,0.0159
2016-08-08,0.0159
2016-08-09,0.0155
2016-08-10,0.015
2016-08-11,0.015700000000000002
2016-08-12,0.0151
2016-08-15,0.0155
2016-08-16,0.015700000000000002
2016-08-17,0.015600000000000001
2016-08-18,0.015300000000000001
2016-08-19,0.0158
2016-08-22,0.0155
2016-08-23,0.0155
2016-08-24,0.015600000000000001
2016-08-25,0.0158
2016-08-26,0.016200000000000003
2016-08-29,0.015700000000000002
2016-08-30,0.015700000000000002
2016-08-31,0.0158
2016-09-01,0.015700000000000002
2016-09-02,0.016
2016-09-05,0.01575
2016-09-06,0.0155
2016-09-07,0.0154
2016-09-08,0.0161
2016-09-09,0.0167
2016-09-12,0.0168
2016-09-13,0.0173
2016-09-14,0.017
2016-09-15,0.0171
2016-09-16,0.017
2016-09-19,0.017
2016-09-20,0.0169
2016-09-21,0.0166
2016-09-22,0.0163
2016-09-23,0.016200000000000003
2016-09-26,0.0159
2016-09-27,0.015600000000000001
2016-09-28,0.015700000000000002
2016-09-29,0.015600000000000001
2016-09-30,0.016
2016-10-03,0.0163
2016-10-04,0.0169
2016-10-05,0.0172
2016-10-06,0.0175
2016-10-07,0.0173
2016-10-10,0.0175
2016-10-11,0.0177
2016-10-12,0.0179
2016-10-13,0.0175
2016-10-14,0.018000000000000002
2016-10-17,0.0177
2016-10-18,0.0175
2016-10-19,0.0176
2016-10-20,0.0176
2016-10-21,0.0174
2016-10-24,0.0177
2016-10-25,0.0177
2016-10-26,0.0179
2016-10-27,0.018500000000000003
2016-10-28,0.018600000000000002
2016-10-31,0.0184
2016-11-01,0.0183
2016-11-02,0.0181
2016-11-03,0.0182
2016-11-04,0.0179
2016-11-07,0.0183
2016-11-08,0.018799999999999997
2016-11-09,0.0207
2016-11-10,0.0215
2016-11-11,0.0219
2016-11-14,0.0223
2016-11-15,0.0223
2016-11-16,0.0222
2016-11-17,0.0229
2016-11-18,0.023399999999999997
2016-11-21,0.0233
2016-11-22,0.0231
2016-11-23,0.0236
2016-11-24,0.0236
2016-11-25,0.0236
2016-11-28,0.0232
2016-11-29,0.023
2016-11-30,0.023700000000000002
2016-12-01,0.0245
2016-12-02,0.024
2016-12-05,0.0239
2016-12-06,0.0239
2016-12-07,0.023399999999999997
2016-12-08,0.024
2016-12-09,0.024700000000000003
2016-12-12,0.024900000000000002
2016-12-13,0.0248
2016-12-14,0.0254
2016-12-15,0.026000000000000002
2016-12-16,0.026000000000000002
2016-12-19,0.0254
2016-12-20,0.025699999999999997
2016-12-21,0.0255
2016-12-22,0.0255
2016-12-23,0.0255
2016-12-26,0.025599999999999998
2016-12-27,0.025699999999999997
2016-12-28,0.025099999999999997
2016-12-29,0.024900000000000002
2016-12-30,0.0245
2017-01-02,0.0245
2017-01-03,0.0245
2017-01-04,0.0246
2017-01-05,0.023700000000000002
2017-01-06,0.0242
2017-01-09,0.023799999999999998
2017-01-10,0.023799999999999998
2017-01-11,0.023799999999999998
2017-01-12,0.0236
2017-01-13,0.024
2017-01-16,0.02365
2017-01-17,0.0233
2017-01-18,0.0242
2017-01-19,0.024700000000000003
2017-01-20,0.0248
2017-01-23,0.0241
2017-01-24,0.024700000000000003
2017-01-25,0.0253
2017-01-26,0.025099999999999997
2017-01-27,0.024900000000000002
2017-01-30,0.024900000000000002
2017-01-31,0.0245
2017-02-01,0.0248
2017-02-02,0.0248
2017-02-03,0.024900000000000002
2017-02-06,0.0242
2017-02-07,0.024
2017-02-08,0.023399999999999997
2017-02-09,0.024
2017-02-10,0.0241
2017-02-13,0.024300000000000002
2017-02-14,0.024700000000000003
2017-02-15,0.025099999999999997
2017-02-16,0.0245
2017-02-17,0.0242
2017-02-20,0.024249999999999997
2017-02-21,0.024300000000000002
2017-02-22,0.0242
2017-02-23,0.023799999999999998
2017-02-24,0.0231
2017-02-27,0.0236
2017-02-28,0.0236
2017-03-01,0.0246
2017-03-02,0.024900000000000002
2017-03-03,0.024900000000000002
2017-03-06,0.024900000000000002
2017-03-07,0.0252
2017-03-08,0.025699999999999997
2017-03-09,0.026000000000000002
2017-03-10,0.0258
2017-03-13,0.0262
2017-03-14,0.026000000000000002
2017-03-15,0.025099999999999997
2017-03-16,0.0253
2017-03-17,0.025
2017-03-20,0.024700000000000003
2017-03-21,0.024300000000000002
2017-03-22,0.024
2017-03-23,0.0241
2017-03-24,0.024
2017-03-27,0.023799999999999998
2017-03-28,0.0242
2017-03-29,0.0239
2017-03-30,0.0242
2017-03-31,0.024
2017-04-03,0.0235
2017-04-04,0.0236
2017-04-05,0.023399999999999997
2017-04-06,0.023399999999999997
2017-04-07,0.023799999999999998
2017-04-10,0.023700000000000002
2017-04-11,0.0232
2017-04-12,0.022799999999999997
2017-04-13,0.022400000000000003
2017-04-14,0.0225
2017-04-17,0.0226
2017-04-18,0.0218
2017-04-19,0.022099999999999998
2017-04-20,0.022400000000000003
2017-04-21,0.022400000000000003
2017-04-24,0.022799999999999997
2017-04-25,0.0235
2017-04-26,0.0232
2017-04-27,0.023
2017-04-28,0.0229
2017-05-01,0.0233
2017-05-02,0.0229
2017-05-03,0.0233
2017-05-04,0.0236
2017-05-05,0.0236
2017-05-08,0.0239
2017-05-09,0.0242
2017-05-10,0.0241
2017-05-11,0.0239
2017-05-12,0.0233
2017-05-15,0.023399999999999997
2017-05-16,0.0233
2017-05-17,0.0222
2017-05-18,0.0223
2017-05-19,0.0223
2017-05-22,0.0225
2017-05-23,0.0229
2017-05-24,0.0226
2017-05-25,0.0225
2017-05-26,0.0225
2017-05-29,0.0223
2017-05-30,0.022099999999999998
2017-05-31,0.022099999999999998
2017-06-01,0.022099999999999998
2017-06-02,0.0215
2017-06-05,0.0218
2017-06-06,0.021400000000000002
2017-06-07,0.0218
2017-06-08,0.0219
2017-06-09,0.022099999999999998
2017-06-12,0.022099999999999998
2017-06-13,0.022099999999999998
2017-06-14,0.0215
2017-06-15,0.0216
2017-06-16,0.0216
2017-06-19,0.0219
2017-06-20,0.0216
2017-06-21,0.0216
2017-06-22,0.0215
2017-06-23,0.0215
2017-06-26,0.021400000000000002
2017-06-27,0.022099999999999998
2017-06-28,0.0222
2017-06-29,0.0227
2017-06-30,0.0231
2017-07-03,0.0235
2017-07-04,0.023399999999999997
2017-07-05,0.0233
2017-07-06,0.023700000000000002
2017-07-07,0.0239
2017-07-10,0.023799999999999998
2017-07-11,0.023700000000000002
2017-07-12,0.0233
2017-07-13,0.0235
2017-07-14,0.0233
2017-07-17,0.0231
2017-07-18,0.0227
2017-07-19,0.0227
2017-07-20,0.0227
2017-07-21,0.022400000000000003
2017-07-24,0.0226
2017-07-25,0.0233
2017-07-26,0.0229
2017-07-27,0.0232
2017-07-28,0.023
2017-07-31,0.023
2017-08-01,0.0226
2017-08-02,0.0227
2017-08-03,0.022400000000000003
2017-08-04,0.0227
2017-08-07,0.0226
2017-08-08,0.0229
2017-08-09,0.022400000000000003
2017-08-10,0.022000000000000002
2017-08-11,0.0219
2017-08-14,0.0222
2017-08-15,0.0227
2017-08-16,0.0223
2017-08-17,0.0219
2017-08-18,0.0219
2017-08-21,0.0218
2017-08-22,0.0222
2017-08-23,0.0217
2017-08-24,0.0219
2017-08-25,0.0217
2017-08-28,0.0216
2017-08-29,0.0213
2017-08-30,0.0215
2017-08-31,0.0212
2017-09-01,0.0216
2017-09-04,0.021150000000000002
2017-09-05,0.0207
2017-09-06,0.021
2017-09-07,0.020499999999999997
2017-09-08,0.0206
2017-09-11,0.021400000000000002
2017-09-12,0.0217
2017-09-13,0.022000000000000002
2017-09-14,0.022000000000000002
2017-09-15,0.022000000000000002
2017-09-18,0.0223
2017-09-19,0.022400000000000003
2017-09-20,0.022799999999999997
2017-09-21,0.0227
2017-09-22,0.0226
2017-09-25,0.0222
2017-09-26,0.022400000000000003
2017-09-27,0.0231
2017-09-28,0.0231
2017-09-29,0.0233
2017-10-02,0.023399999999999997
2017-10-03,0.0233
2017-10-04,0.0233
2017-10-05,0.0235
2017-10-06,0.023700000000000002
2017-10-09,0.023600000000000003
2017-10-10,0.0235
2017-10-11,0.0235
2017-10-12,0.0233
2017-10-13,0.022799999999999997
2017-10-16,0.023
2017-10-17,0.023
2017-10-18,0.023399999999999997
2017-10-19,0.0233
2017-10-20,0.0239
2017-10-23,0.023799999999999998
2017-10-24,0.0242
2017-10-25,0.024399999999999998
2017-10-26,0.0246
2017-10-27,0.0242
2017-10-30,0.023700000000000002
2017-10-31,0.023799999999999998
2017-11-01,0.023700000000000002
2017-11-02,0.0235
2017-11-03,0.023399999999999997
2017-11-06,0.0232
2017-11-07,0.0232
2017-11-08,0.0232
2017-11-09,0.0233
2017-11-10,0.024
2017-11-13,0.024
2017-11-14,0.023799999999999998
2017-11-15,0.0233
2017-11-16,0.023700000000000002
2017-11-17,0.0235
2017-11-20,0.023700000000000002
2017-11-21,0.0236
2017-11-22,0.0232
2017-11-23,0.0233
2017-11-24,0.023399999999999997
2017-11-27,0.0232
2017-11-28,0.023399999999999997
2017-11-29,0.023700000000000002
2017-11-30,0.0242
2017-12-01,0.023700000000000002
2017-12-04,0.023700000000000002
2017-12-05,0.0236
2017-12-06,0.0233
2017-12-07,0.023700000000000002
2017-12-08,0.023799999999999998
2017-12-11,0.0239
2017-12-12,0.024
2017-12-13,0.0236
2017-12-14,0.0235
2017-12-15,0.0235
2017-12-18,0.0239
2017-12-19,0.0246
2017-12-20,0.024900000000000002
2017-12-21,0.0248
2017-12-22,0.0248
2017-12-25,0.02475
2017-12-26,0.024700000000000003
2017-12-27,0.0242
2017-12-28,0.024300000000000002
2017-12-29,0.024
2018-01-01,0.0243
2018-01-02,0.0246
2018-01-03,0.024399999999999998
2018-01-04,0.0246
2018-01-05,0.024700000000000003
2018-01-08,0.024900000000000002
2018-01-09,0.0255
2018-01-10,0.0255
2018-01-11,0.0254
2018-01-12,0.0255
2018-01-15,0.02545
2018-01-16,0.0254
2018-01-17,0.025699999999999997
2018-01-18,0.0262
2018-01-19,0.0264
2018-01-22,0.026600000000000002
2018-01-23,0.0263
2018-01-24,0.0265
2018-01-25,0.0263
2018-01-26,0.026600000000000002
2018-01-29,0.027000000000000003
2018-01-30,0.0273
2018-01-31,0.027200000000000002
2018-02-01,0.0278
2018-02-02,0.028399999999999998
2018-02-05,0.0277
2018-02-06,0.0279
2018-02-07,0.028399999999999998
2018-02-08,0.0285
2018-02-09,0.028300000000000002
2018-02-12,0.0286
2018-02-13,0.028300000000000002
2018-02-14,0.0291
2018-02-15,0.028999999999999998
2018-02-16,0.0287
2018-02-19,0.02875
2018-02-20,0.0288
2018-02-21,0.0294
2018-02-22,0.0292
2018-02-23,0.0288
2018-02-26,0.0286
2018-02-27,0.028999999999999998
2018-02-28,0.0287
2018-03-01,0.0281
2018-03-02,0.0286
2018-03-05,0.0288
2018-03-06,0.0288
2018-03-07,0.028900000000000002
2018-03-08,0.0286
2018-03-09,0.028999999999999998
2018-03-12,0.0287
2018-03-13,0.028399999999999998
2018-03-14,0.0281
2018-03-15,0.0282
2018-03-16,0.0285
2018-03-19,0.0285
2018-03-20,0.028900000000000002
2018-03-21,0.028900000000000002
2018-03-22,0.028300000000000002
2018-03-23,0.0282
2018-03-26,0.0285
2018-03-27,0.0278
2018-03-28,0.0277
2018-03-29,0.0274
2018-03-30,0.027350000000000003
2018-04-02,0.0273
2018-04-03,0.0279
2018-04-04,0.0279
2018-04-05,0.028300000000000002
2018-04-06,0.0277
2018-04-09,0.0278
2018-04-10,0.027999999999999997
2018-04-11,0.0279
2018-04-12,0.028300000000000002
2018-04-13,0.0282
2018-04-16,0.028300000000000002
2018-04-17,0.0282
2018-04-18,0.0287
2018-04-19,0.0292
2018-04-20,0.0296
2018-04-23,0.0298
2018-04-24,0.03
2018-04-25,0.030299999999999997
2018-04-26,0.03
2018-04-27,0.0296
2018-04-30,0.029500000000000002
2018-05-01,0.0297
2018-05-02,0.0297
2018-05-03,0.0294
2018-05-04,0.029500000000000002
2018-05-07,0.029500000000000002
2018-05-08,0.0297
2018-05-09,0.03
2018-05-10,0.0297
2018-05-11,0.0297
2018-05-14,0.03
2018-05-15,0.0308
2018-05-16,0.030899999999999997
2018-05-17,0.0311
2018-05-18,0.030600000000000002
2018-05-21,0.030600000000000002
2018-05-22,0.030600000000000002
2018-05-23,0.0301
2018-05-24,0.0298
2018-05-25,0.029300000000000003
2018-05-28,0.0285
2018-05-29,0.0277
2018-05-30,0.028399999999999998
2018-05-31,0.028300000000000002
2018-06-01,0.028900000000000002
2018-06-04,0.0294
2018-06-05,0.0292
2018-06-06,0.0297
2018-06-07,0.029300000000000003
2018-06-08,0.029300000000000003
2018-06-11,0.0296
2018-06-12,0.0296
2018-06-13,0.0298
2018-06-14,0.0294
2018-06-15,0.029300000000000003
2018-06-18,0.0292
2018-06-19,0.028900000000000002
2018-06-20,0.029300000000000003
2018-06-21,0.028999999999999998
2018-06-22,0.028999999999999998
2018-06-25,0.0287
2018-06-26,0.0288
2018-06-27,0.028300000000000002
2018-06-28,0.028399999999999998
2018-06-29,0.0285
2018-07-02,0.0287
2018-07-03,0.028300000000000002
2018-07-04,0.02835
2018-07-05,0.028399999999999998
2018-07-06,0.0282
2018-07-09,0.0286
2018-07-10,0.0287
2018-07-11,0.0285
2018-07-12,0.0285
2018-07-13,0.028300000000000002
2018-07-16,0.0285
2018-07-17,0.0286
2018-07-18,0.0288
2018-07-19,0.028399999999999998
2018-07-20,0.028900000000000002
2018-07-23,0.0296
2018-07-24,0.029500000000000002
2018-07-25,0.0294
2018-07-26,0.0298
2018-07-27,0.0296
2018-07-30,0.0298
2018-07-31,0.0296
2018-08-01,0.03
2018-08-02,0.0298
2018-08-03,0.029500000000000002
2018-08-06,0.0294
2018-08-07,0.0298
2018-08-08,0.0296
2018-08-09,0.029300000000000003
2018-08-10,0.0287
2018-08-13,0.0288
2018-08-14,0.028900000000000002
2018-08-15,0.0286
2018-08-16,0.0287
2018-08-17,0.0287
2018-08-20,0.0282
2018-08-21,0.0285
2018-08-22,0.0282
2018-08-23,0.0282
2018-08-24,0.0282
2018-08-27,0.0285
2018-08-28,0.0288
2018-08-29,0.028900000000000002
2018-08-30,0.0286
2018-08-31,0.0286
2018-09-03,0.0288
2018-09-04,0.028999999999999998
2018-09-05,0.028999999999999998
2018-09-06,0.0288
2018-09-07,0.0294
2018-09-10,0.0294
2018-09-11,0.0298
2018-09-12,0.0297
2018-09-13,0.0297
2018-09-14,0.029900000000000003
2018-09-17,0.029900000000000003
2018-09-18,0.0305
2018-09-19,0.0308
2018-09-20,0.030699999999999998
2018-09-21,0.030699999999999998
2018-09-24,0.0308
2018-09-25,0.031
2018-09-26,0.030600000000000002
2018-09-27,0.030600000000000002
2018-09-28,0.0305
2018-10-01,0.030899999999999997
2018-10-02,0.0305
2018-10-03,0.0315
2018-10-04,0.0319
2018-10-05,0.0323
2018-10-08,0.0322
2018-10-09,0.0321
2018-10-10,0.0322
2018-10-11,0.031400000000000004
2018-10-12,0.0315
2018-10-15,0.0316
2018-10-16,0.0316
2018-10-17,0.0319
2018-10-18,0.0317
2018-10-19,0.032
2018-10-22,0.032
2018-10-23,0.0317
2018-10-24,0.031
2018-10-25,0.031400000000000004
2018-10-26,0.0308
2018-10-29,0.0308
2018-10-30,0.031200000000000002
2018-10-31,0.0315
2018-11-01,0.031400000000000004
2018-11-02,0.0322
2018-11-05,0.032
2018-11-06,0.0322
2018-11-07,0.0322
2018-11-08,0.032400000000000005
2018-11-09,0.0319
2018-11-12,0.03165
2018-11-13,0.031400000000000004
2018-11-14,0.031200000000000002
2018-11-15,0.0311
2018-11-16,0.0308
2018-11-19,0.030600000000000002
2018-11-20,0.030600000000000002
2018-11-21,0.030600000000000002
2018-11-22,0.030549999999999997
2018-11-23,0.0305
2018-11-26,0.030699999999999998
2018-11-27,0.030600000000000002
2018-11-28,0.030600000000000002
2018-11-29,0.030299999999999997
2018-11-30,0.0301
2018-12-03,0.0298
2018-12-04,0.0291
2018-12-05,0.028900000000000002
2018-12-06,0.0287
2018-12-07,0.0285
2018-12-10,0.0285
2018-12-11,0.028900000000000002
2018-12-12,0.0291
2018-12-13,0.0291
2018-12-14,0.028900000000000002
2018-12-17,0.0286
2018-12-18,0.0282
2018-12-19,0.0277
2018-12-20,0.0279
2018-12-21,0.0279
2018-12-24,0.0274
2018-12-25,0.027750000000000004
2018-12-26,0.0281
2018-12-27,0.0277
2018-12-28,0.027200000000000002
2018-12-31,0.0269
2019-01-01,0.02675
2019-01-02,0.026600000000000002
2019-01-03,0.0256
2019-01-04,0.026699999999999998
2019-01-07,0.027000000000000003
2019-01-08,0.0273
2019-01-09,0.0274
2019-01-10,0.0274
2019-01-11,0.0271
2019-01-14,0.0271
2019-01-15,0.027200000000000002
2019-01-16,0.0273
2019-01-17,0.0275
2019-01-18,0.0279
2019-01-21,0.02765
2019-01-22,0.0274
2019-01-23,0.0276
2019-01-24,0.027200000000000002
2019-01-25,0.0276
2019-01-28,0.0275
2019-01-29,0.027200000000000002
2019-01-30,0.027000000000000003
2019-01-31,0.0263
2019-02-01,0.027000000000000003
2019-02-04,0.0273
2019-02-05,0.0271
2019-02-06,0.027000000000000003
2019-02-07,0.0265
2019-02-08,0.0263
2019-02-11,0.0265
2019-02-12,0.0268
2019-02-13,0.0271
2019-02-14,0.026600000000000002
2019-02-15,0.026600000000000002
2019-02-18,0.026550000000000004
2019-02-19,0.0265
2019-02-20,0.0265
2019-02-21,0.0269
2019-02-22,0.0265
2019-02-25,0.026699999999999998
2019-02-26,0.0264
2019-02-27,0.0269
2019-02-28,0.0273
2019-03-01,0.0276
2019-03-04,0.027200000000000002
2019-03-05,0.027200000000000002
2019-03-06,0.0269
2019-03-07,0.0264
2019-03-08,0.0262
2019-03-11,0.0264
2019-03-12,0.026099999999999998
2019-03-13,0.026099999999999998
2019-03-14,0.0263
2019-03-15,0.0259
2019-03-18,0.026000000000000002
2019-03-19,0.026099999999999998
2019-03-20,0.0254
2019-03-21,0.0254
2019-03-22,0.024399999999999998
2019-03-25,0.024300000000000002
2019-03-26,0.0241
2019-03-27,0.0239
2019-03-28,0.0239
2019-03-29,0.0241
2019-04-01,0.024900000000000002
2019-04-02,0.0248
2019-04-03,0.0252
2019-04-04,0.025099999999999997
2019-04-05,0.025
2019-04-08,0.0252
2019-04-09,0.025099999999999997
2019-04-10,0.0248
2019-04-11,0.025099999999999997
2019-04-12,0.0256
2019-04-15,0.0255
2019-04-16,0.026000000000000002
2019-04-17,0.0259
2019-04-18,0.025699999999999997
2019-04-19,0.0258
2019-04-22,0.0259
2019-04-23,0.025699999999999997
2019-04-24,0.0253
2019-04-25,0.0254
2019-04-26,0.025099999999999997
2019-04-29,0.0254
2019-04-30,0.025099999999999997
2019-05-01,0.0252
2019-05-02,0.0255
2019-05-03,0.0254
2019-05-06,0.025099999999999997
2019-05-07,0.0245
2019-05-08,0.024900000000000002
2019-05-09,0.0245
2019-05-10,0.024700000000000003
2019-05-13,0.024
2019-05-14,0.0242
2019-05-15,0.023700000000000002
2019-05-16,0.024
2019-05-17,0.0239
2019-05-20,0.0241
2019-05-21,0.024300000000000002
2019-05-22,0.0239
2019-05-23,0.0231
2019-05-24,0.0232
2019-05-27,0.0229
2019-05-28,0.0226
2019-05-29,0.0225
2019-05-30,0.0222
2019-05-31,0.021400000000000002
2019-06-03,0.0207
2019-06-04,0.0212
2019-06-05,0.0212
2019-06-06,0.0212
2019-06-07,0.0209
2019-06-10,0.0215
2019-06-11,0.0215
2019-06-12,0.0213
2019-06-13,0.021
2019-06-14,0.0209
2019-06-17,0.0209
2019-06-18,0.0206
2019-06-19,0.0203
2019-06-20,0.020099999999999996
2019-06-21,0.0207
2019-06-24,0.0202
2019-06-25,0.02
2019-06-26,0.020499999999999997
2019-06-27,0.020099999999999996
2019-06-28,0.02
2019-07-01,0.0203
2019-07-02,0.019799999999999998
2019-07-03,0.0196
2019-07-04,0.02
2019-07-05,0.0204
2019-07-08,0.020499999999999997
2019-07-09,0.0207
2019-07-10,0.0207
2019-07-11,0.0213
2019-07-12,0.0212
2019-07-15,0.0209
2019-07-16,0.0213
2019-07-17,0.0206
2019-07-18,0.0204
2019-07-19,0.020499999999999997
2019-07-22,0.020499999999999997
2019-07-23,0.0208
2019-07-24,0.020499999999999997
2019-07-25,0.0208
2019-07-26,0.0208
2019-07-29,0.0206
2019-07-30,0.0206
2019-07-31,0.0202
2019-08-01,0.019
2019-08-02,0.018600000000000002
2019-08-05,0.0175
2019-08-06,0.0173
2019-08-07,0.0171
2019-08-08,0.0172
2019-08-09,0.0174
2019-08-12,0.0165
2019-08-13,0.0168
2019-08-14,0.0159
2019-08-15,0.0152
2019-08-16,0.0155
2019-08-19,0.016
2019-08-20,0.0155
2019-08-21,0.0159
2019-08-22,0.016200000000000003
2019-08-23,0.0152
2019-08-26,0.0154
2019-08-27,0.0149
2019-08-28,0.0147
2019-08-29,0.015
2019-08-30,0.015
2019-09-02,0.014849999999999999
2019-09-03,0.0147
2019-09-04,0.0147
2019-09-05,0.015700000000000002
2019-09-06,0.0155
2019-09-09,0.0163
2019-09-10,0.0172
2019-09-11,0.0175
2019-09-12,0.0179
2019-09-13,0.019
2019-09-16,0.0184
2019-09-17,0.0181
2019-09-18,0.018000000000000002
2019-09-19,0.0179
2019-09-20,0.0174
2019-09-23,0.0172
2019-09-24,0.016399999999999998
2019-09-25,0.0173
2019-09-26,0.017
2019-09-27,0.0169
2019-09-30,0.0168
2019-10-01,0.0165
2019-10-02,0.016
2019-10-03,0.0154
2019-10-04,0.0152
2019-10-07,0.015600000000000001
2019-10-08,0.0154
2019-10-09,0.0159
2019-10-10,0.0167
2019-10-11,0.0176
2019-10-14,0.017650000000000002
2019-10-15,0.0177
2019-10-16,0.0175
2019-10-17,0.0176
2019-10-18,0.0176
2019-10-21,0.018000000000000002
2019-10-22,0.0178
2019-10-23,0.0177
2019-10-24,0.0177
2019-10-25,0.018000000000000002
2019-10-28,0.018500000000000003
2019-10-29,0.0184
2019-10-30,0.0178
2019-10-31,0.0169
2019-11-01,0.0173
2019-11-04,0.0179
2019-11-05,0.018600000000000002
2019-11-06,0.0181
2019-11-07,0.0192
2019-11-08,0.0194
2019-11-11,0.019299999999999998
2019-11-12,0.0192
2019-11-13,0.018799999999999997
2019-11-14,0.0182
2019-11-15,0.0184
2019-11-18,0.0181
2019-11-19,0.0179
2019-11-20,0.0173
2019-11-21,0.0177
2019-11-22,0.0177
2019-11-25,0.0176
2019-11-26,0.0174
2019-11-27,0.0177
2019-11-28,0.01775
2019-11-29,0.0178
2019-12-02,0.0183
2019-12-03,0.0172
2019-12-04,0.0177
2019-12-05,0.018000000000000002
2019-12-06,0.0184
2019-12-09,0.0183
2019-12-10,0.018500000000000003
2019-12-11,0.0179
2019-12-12,0.019
2019-12-13,0.0182
2019-12-16,0.0189
2019-12-17,0.0189
2019-12-18,0.0192
2019-12-19,0.0192
2019-12-20,0.0192
2019-12-23,0.019299999999999998
2019-12-24,0.019
2019-12-25,0.019
2019-12-26,0.019
2019-12-27,0.018799999999999997
2019-12-30,0.019
2019-12-31,0.0192
2020-01-01,0.019
2020-01-02,0.018799999999999997
2020-01-03,0.018000000000000002
2020-01-06,0.0181
2020-01-07,0.0183
2020-01-08,0.0187
2020-01-09,0.018500000000000003
2020-01-10,0.0183
2020-01-13,0.018500000000000003
2020-01-14,0.0182
2020-01-15,0.0179
2020-01-16,0.0181
2020-01-17,0.0184
2020-01-20,0.0181
2020-01-21,0.0178
2020-01-22,0.0177
2020-01-23,0.0174
2020-01-24,0.017
2020-01-27,0.0161
2020-01-28,0.0165
2020-01-29,0.016
2020-01-30,0.015700000000000002
2020-01-31,0.0151
2020-02-03,0.0154
2020-02-04,0.0161
2020-02-05,0.0166
2020-02-06,0.0165
2020-02-07,0.0159
2020-02-10,0.015600000000000001
2020-02-11,0.0159
2020-02-12,0.016200000000000003
2020-02-13,0.0161
2020-02-14,0.0159
2020-02-17,0.015700000000000002
2020-02-18,0.0155
2020-02-19,0.015600000000000001
2020-02-20,0.0152
2020-02-21,0.0146
2020-02-24,0.0138
2020-02-25,0.013300000000000001
2020-02-26,0.013300000000000001
2020-02-27,0.013000000000000001
2020-02-28,0.0113
2020-03-02,0.011000000000000001
2020-03-03,0.0102
2020-03-04,0.0102
2020-03-05,0.0092
2020-03-06,0.0074
2020-03-09,0.0054
2020-03-10,0.0076
2020-03-11,0.008199999999999999
2020-03-12,0.0088
2020-03-13,0.009399999999999999
2020-03-16,0.0073
2020-03-17,0.0102
2020-03-18,0.0118
2020-03-19,0.011200000000000002
2020-03-20,0.0092
2020-03-23,0.0076
2020-03-24,0.0084
2020-03-25,0.0088
2020-03-26,0.0083
2020-03-27,0.0072
2020-03-30,0.006999999999999999
2020-03-31,0.006999999999999999
2020-04-01,0.0062
2020-04-02,0.0063
2020-04-03,0.0062
2020-04-06,0.0067
2020-04-07,0.0075
2020-04-08,0.0077
2020-04-09,0.0073
2020-04-10,0.00745
2020-04-13,0.0076
2020-04-14,0.0076
2020-04-15,0.0063
2020-04-16,0.0060999999999999995
2020-04-17,0.006500000000000001
2020-04-20,0.0063
2020-04-21,0.0058
2020-04-22,0.0063
2020-04-23,0.0060999999999999995
2020-04-24,0.006
2020-04-27,0.0067
2020-04-28,0.0062
2020-04-29,0.0063
2020-04-30,0.0064
2020-05-01,0.0064
2020-05-04,0.0064
2020-05-05,0.0066
2020-05-06,0.0072
2020-05-07,0.0063
2020-05-08,0.0069
2020-05-11,0.0073
2020-05-12,0.0069
2020-05-13,0.0064
2020-05-14,0.0063
2020-05-15,0.0064
2020-05-18,0.0073
2020-05-19,0.006999999999999999
2020-05-20,0.0068000000000000005
2020-05-21,0.0068000000000000005
2020-05-22,0.0066
2020-05-25,0.006750000000000001
2020-05-26,0.0069
2020-05-27,0.0068000000000000005
2020-05-28,0.006999999999999999
2020-05-29,0.006500000000000001
2020-06-01,0.0066
2020-06-02,0.0068000000000000005
2020-06-03,0.0077
2020-06-04,0.008199999999999999
2020-06-05,0.0091
2020-06-08,0.0088
2020-06-09,0.0084
2020-06-10,0.0075
2020-06-11,0.0066
2020-06-12,0.0070999999999999995
2020-06-15,0.0070999999999999995
2020-06-16,0.0075
2020-06-17,0.0074
2020-06-18,0.0070999999999999995
2020-06-19,0.006999999999999999
2020-06-22,0.0070999999999999995
2020-06-23,0.0072
2020-06-24,0.0069
2020-06-25,0.0068000000000000005
2020-06-26,0.0064
2020-06-29,0.0064
2020-06-30,0.0066
2020-07-01,0.0069
2020-07-02,0.0068000000000000005
2020-07-03,0.00685
2020-07-06,0.0069
2020-07-07,0.006500000000000001
2020-07-08,0.0067
2020-07-09,0.0062
2020-07-10,0.006500000000000001
2020-07-13,0.0064
2020-07-14,0.0063
2020-07-15,0.0064
2020-07-16,0.0062
2020-07-17,0.0064
2020-07-20,0.0062
2020-07-21,0.0060999999999999995
2020-07-22,0.006
2020-07-23,0.0059
2020-07-24,0.0059
2020-07-27,0.0062
2020-07-28,0.0059
2020-07-29,0.0058
2020-07-30,0.0055000000000000005
2020-07-31,0.0055000000000000005
2020-08-03,0.005600000000000001
2020-08-04,0.0052
2020-08-05,0.0055000000000000005
2020-08-06,0.0055000000000000005
2020-08-07,0.005699999999999999
2020-08-10,0.0059
2020-08-11,0.0064
2020-08-12,0.0069
2020-08-13,0.0070999999999999995
2020-08-14,0.0070999999999999995
2020-08-17,0.0069
2020-08-18,0.0067
2020-08-19,0.0068000000000000005
2020-08-20,0.006500000000000001
2020-08-21,0.0064
2020-08-24,0.006500000000000001
2020-08-25,0.0069
2020-08-26,0.0069
2020-08-27,0.0074
2020-08-28,0.0074
2020-08-31,0.0072
2020-09-01,0.0068000000000000005
2020-09-02,0.0066
2020-09-03,0.0063
2020-09-04,0.0072
2020-09-07,0.00705
2020-09-08,0.0069
2020-09-09,0.0070999999999999995
2020-09-10,0.0068000000000000005
2020-09-11,0.0067
2020-09-14,0.0068000000000000005
2020-09-15,0.0068000000000000005
2020-09-16,0.0069
2020-09-17,0.0069
2020-09-18,0.006999999999999999
2020-09-21,0.0068000000000000005
2020-09-22,0.0068000000000000005
2020-09-23,0.0068000000000000005
2020-09-24,0.0067
2020-09-25,0.0066
2020-09-28,0.0067
2020-09-29,0.0066
2020-09-30,0.0069
2020-10-01,0.0068000000000000005
2020-10-02,0.006999999999999999
2020-10-05,0.0078000000000000005
2020-10-06,0.0076
2020-10-07,0.008100000000000001
2020-10-08,0.0078000000000000005
2020-10-09,0.0079
2020-10-12,0.0076500000000000005
2020-10-13,0.0074
2020-10-14,0.0073
2020-10-15,0.0074
2020-10-16,0.0076
2020-10-19,0.0078000000000000005
2020-10-20,0.008100000000000001
2020-10-21,0.0083
2020-10-22,0.0087
2020-10-23,0.0085
2020-10-26,0.008100000000000001
2020-10-27,0.0079
2020-10-28,0.0079
2020-10-29,0.0085
2020-10-30,0.0088
2020-11-02,0.0087
2020-11-03,0.009000000000000001
2020-11-04,0.0078000000000000005
2020-11-05,0.0079
2020-11-06,0.0083
2020-11-09,0.0096
2020-11-10,0.0098
2020-11-11,0.0093
2020-11-12,0.0088
2020-11-13,0.0089
2020-11-16,0.0091
2020-11-17,0.0087
2020-11-18,0.0088
2020-11-19,0.0086
2020-11-20,0.0083
2020-11-23,0.0086
2020-11-24,0.0088
2020-11-25,0.0088
2020-11-26,0.0086
2020-11-27,0.0084
2020-11-30,0.0084
2020-12-01,0.0092
2020-12-02,0.0095
2020-12-03,0.0092
2020-12-04,0.0097
2020-12-07,0.009399999999999999
2020-12-08,0.0092
2020-12-09,0.0095
2020-12-10,0.0092
2020-12-11,0.009000000000000001
2020-12-14,0.009000000000000001
2020-12-15,0.0092
2020-12-16,0.0092
2020-12-17,0.009399999999999999
2020-12-18,0.0095
2020-12-21,0.0095
2020-12-22,0.009300000000000001
2020-12-23,0.0096
2020-12-24,0.009399999999999999
2020-12-25,0.009399999999999999
2020-12-28,0.009399999999999999
2020-12-29,0.009399999999999999
2020-12-30,0.009300000000000001
2020-12-31,0.009300000000000001
2021-01-01,0.009300000000000001
2021-01-04,0.009300000000000001
2021-01-05,0.0096
2021-01-06,0.0104
2021-01-07,0.0108
2021-01-08,0.0113
2021-01-11,0.0115
2021-01-12,0.0115
2021-01-13,0.011000000000000001
2021-01-14,0.0115
2021-01-15,0.0111
2021-01-18,0.011049999999999999
2021-01-19,0.011000000000000001
2021-01-20,0.011000000000000001
2021-01-21,0.011200000000000002
2021-01-22,0.011000000000000001
2021-01-25,0.0105
2021-01-26,0.0105
2021-01-27,0.0104
2021-01-28,0.010700000000000001
2021-01-29,0.0111
2021-02-01,0.0109
2021-02-02,0.011200000000000002
2021-02-03,0.0115
2021-02-04,0.0115
2021-02-05,0.011899999999999999
2021-02-08,0.011899999999999999
2021-02-09,0.0118
2021-02-10,0.0115
2021-02-11,0.0116
2021-02-12,0.012
2021-02-15,0.0125
2021-02-16,0.013000000000000001
2021-02-17,0.0129
2021-02-18,0.0129
2021-02-19,0.0134
2021-02-22,0.0137
2021-02-23,0.0137
2021-02-24,0.0138
2021-02-25,0.0154
2021-02-26,0.0144
2021-03-01,0.014499999999999999
2021-03-02,0.014199999999999999
2021-03-03,0.0147
2021-03-04,0.0154
2021-03-05,0.015600000000000001
2021-03-08,0.0159
2021-03-09,0.0155
2021-03-10,0.015300000000000001
2021-03-11,0.0154
2021-03-12,0.016399999999999998
2021-03-15,0.016200000000000003
2021-03-16,0.016200000000000003
2021-03-17,0.0163
2021-03-18,0.0171
2021-03-19,0.0174
2021-03-22,0.0169
2021-03-23,0.0163
2021-03-24,0.016200000000000003
2021-03-25,0.0163
2021-03-26,0.0167
2021-03-29,0.0173
2021-03-30,0.0173
2021-03-31,0.0174
2021-04-01,0.0169
2021-04-02,0.0172
2021-04-05,0.0173
2021-04-06,0.0167
2021-04-07,0.0168
2021-04-08,0.016399999999999998
2021-04-09,0.0167
2021-04-12,0.0169
2021-04-13,0.016399999999999998
2021-04-14,0.016399999999999998
2021-04-15,0.015600000000000001
2021-04-16,0.0159
2021-04-19,0.0161
2021-04-20,0.0158
2021-04-21,0.015700000000000002
2021-04-22,0.015700000000000002
2021-04-23,0.0158
2021-04-26,0.0158
2021-04-27,0.0163
2021-04-28,0.0163
2021-04-29,0.0165
2021-04-30,0.0165
2021-05-03,0.0163
2021-05-04,0.0161
2021-05-05,0.0159
2021-05-06,0.0158
2021-05-07,0.016
2021-05-10,0.0163
2021-05-11,0.016399999999999998
2021-05-12,0.0169
2021-05-13,0.0166
2021-05-14,0.0163
2021-05-17,0.016399999999999998
2021-05-18,0.016399999999999998
2021-05-19,0.0168
2021-05-20,0.0163
2021-05-21,0.0163
2021-05-24,0.0161
2021-05-25,0.015600000000000001
2021-05-26,0.0158
2021-05-27,0.0161
2021-05-28,0.0158
2021-05-31,0.016
2021-06-01,0.016200000000000003
2021-06-02,0.0159
2021-06-03,0.0163
2021-06-04,0.015600000000000001
2021-06-07,0.015700000000000002
2021-06-08,0.015300000000000001
2021-06-09,0.015
2021-06-10,0.014499999999999999
2021-06-11,0.0147
2021-06-14,0.0151
2021-06-15,0.0151
2021-06-16,0.015700000000000002
2021-06-17,0.0152
2021-06-18,0.014499999999999999
2021-06-21,0.015
2021-06-22,0.0148
2021-06-23,0.015
2021-06-24,0.0149
2021-06-25,0.0154
2021-06-28,0.0149
2021-06-29,0.0149
2021-06-30,0.014499999999999999
2021-07-01,0.0148
2021-07-02,0.0144
2021-07-05,0.01405
2021-07-06,0.0137
2021-07-07,0.013300000000000001
2021-07-08,0.013000000000000001
2021-07-09,0.0137
2021-07-12,0.0138
2021-07-13,0.014199999999999999
2021-07-14,0.0137
2021-07-15,0.0131
2021-07-16,0.0131
2021-07-19,0.011899999999999999
2021-07-20,0.0123
2021-07-21,0.013000000000000001
2021-07-22,0.0127
2021-07-23,0.013000000000000001
2021-07-26,0.0129
2021-07-27,0.0125
2021-07-28,0.0126
2021-07-29,0.0128
2021-07-30,0.0124
2021-08-02,0.012
2021-08-03,0.011899999999999999
2021-08-04,0.011899999999999999
2021-08-05,0.0123
2021-08-06,0.0131
2021-08-09,0.013300000000000001
2021-08-10,0.013600000000000001
2021-08-11,0.013500000000000002
2021-08-12,0.013600000000000001
2021-08-13,0.0129
2021-08-16,0.0126
2021-08-17,0.0126
2021-08-18,0.0127
2021-08-19,0.0124
2021-08-20,0.0126
2021-08-23,0.0125
2021-08-24,0.0129
2021-08-25,0.013500000000000002
2021-08-26,0.0134
2021-08-27,0.0131
2021-08-30,0.0129
2021-08-31,0.013000000000000001
2021-09-01,0.0131
2021-09-02,0.0129
2021-09-03,0.013300000000000001
2021-09-06,0.01355
2021-09-07,0.0138
2021-09-08,0.013500000000000002
2021-09-09,0.013000000000000001
2021-09-10,0.013500000000000002
2021-09-13,0.013300000000000001
2021-09-14,0.0128
2021-09-15,0.0131
2021-09-16,0.0134
2021-09-17,0.0137
2021-09-20,0.0131
2021-09-21,0.013300000000000001
2021-09-22,0.0132
2021-09-23,0.0141
2021-09-24,0.0147
2021-09-27,0.0148
2021-09-28,0.0154
2021-09-29,0.0155
2021-09-30,0.0152
2021-10-01,0.0148
2021-10-04,0.0149
2021-10-05,0.0154
2021-10-06,0.015300000000000001
2021-10-07,0.0158
2021-10-08,0.0161
2021-10-11,0.016
2021-10-12,0.0159
2021-10-13,0.015600000000000001
2021-10-14,0.0152
2021-10-15,0.0159
2021-10-18,0.0159
2021-10-19,0.0165
2021-10-20,0.0165
2021-10-21,0.0168
2021-10-22,0.0166
2021-10-25,0.016399999999999998
2021-10-26,0.0163
2021-10-27,0.0154
2021-10-28,0.015700000000000002
2021-10-29,0.0155
2021-11-01,0.0158
2021-11-02,0.015600000000000001
2021-11-03,0.016
2021-11-04,0.015300000000000001
2021-11-05,0.014499999999999999
2021-11-08,0.0151
2021-11-09,0.0146
2021-11-10,0.015600000000000001
2021-11-11,0.015700000000000002
2021-11-12,0.0158
2021-11-15,0.0163
2021-11-16,0.0163
2021-11-17,0.016
2021-11-18,0.0159
2021-11-19,0.0154
2021-11-22,0.0163
2021-11-23,0.0167
2021-11-24,0.016399999999999998
2021-11-25,0.015600000000000001
2021-11-26,0.0148
2021-11-29,0.0152
2021-11-30,0.0143
2021-12-01,0.0143
2021-12-02,0.0144
2021-12-03,0.013500000000000002
2021-12-06,0.0143
2021-12-07,0.0148
2021-12-08,0.0152
2021-12-09,0.0149
2021-12-10,0.0148
2021-12-13,0.014199999999999999
2021-12-14,0.0144
2021-12-15,0.0147
2021-12-16,0.0144
2021-12-17,0.0141
2021-12-20,0.0143
2021-12-21,0.0148
2021-12-22,0.0146
2021-12-23,0.015
2021-12-24,0.0149
2021-12-27,0.0148
2021-12-28,0.0149
2021-12-29,0.0155
2021-12-30,0.0152
2021-12-31,0.0152
2022-01-03,0.0163
2022-01-04,0.0166
2022-01-05,0.0171
2022-01-06,0.0173
2022-01-07,0.0176
2022-01-10,0.0178
2022-01-11,0.0175
2022-01-12,0.0174
2022-01-13,0.017
2022-01-14,0.0178
2022-01-17,0.018250000000000002
2022-01-18,0.0187
2022-01-19,0.0183
2022-01-20,0.0183
2022-01-21,0.0175
2022-01-24,0.0175
2022-01-25,0.0178
2022-01-26,0.018500000000000003
2022-01-27,0.0181
2022-01-28,0.0178
2022-01-31,0.0179
2022-02-01,0.0181
2022-02-02,0.0178
2022-02-03,0.0182
2022-02-04,0.019299999999999998
2022-02-07,0.0192
2022-02-08,0.0196
2022-02-09,0.0194
2022-02-10,0.0203
2022-02-11,0.0192
2022-02-14,0.019799999999999998
2022-02-15,0.020499999999999997
2022-02-16,0.0203
2022-02-17,0.0197
2022-02-18,0.0192
2022-02-21,0.019299999999999998
2022-02-22,0.0194
2022-02-23,0.0199
2022-02-24,0.0196
2022-02-25,0.0197
2022-02-28,0.0183
2022-03-01,0.0172
2022-03-02,0.018600000000000002
2022-03-03,0.018600000000000002
2022-03-04,0.0174
2022-03-07,0.0178
2022-03-08,0.018600000000000002
2022-03-09,0.0194
2022-03-10,0.019799999999999998
2022-03-11,0.02
2022-03-14,0.021400000000000002
2022-03-15,0.0215
2022-03-16,0.0219
2022-03-17,0.022000000000000002
2022-03-18,0.021400000000000002
2022-03-21,0.0232
2022-03-22,0.023799999999999998
2022-03-23,0.0232
2022-03-24,0.023399999999999997
2022-03-25,0.0248
2022-03-28,0.0246
2022-03-29,0.0241
2022-03-30,0.0235
2022-03-31,0.0232
2022-04-01,0.0239
2022-04-04,0.0242
2022-04-05,0.0254
2022-04-06,0.026099999999999998
2022-04-07,0.026600000000000002
2022-04-08,0.027200000000000002
2022-04-11,0.0279
2022-04-12,0.027200000000000002
2022-04-13,0.027000000000000003
2022-04-14,0.028300000000000002
2022-04-15,0.028399999999999998
2022-04-18,0.0285
2022-04-19,0.029300000000000003
2022-04-20,0.0285
2022-04-21,0.028999999999999998
2022-04-22,0.028999999999999998
2022-04-25,0.0281
2022-04-26,0.0277
2022-04-27,0.0282
2022-04-28,0.0285
2022-04-29,0.028900000000000002
2022-05-02,0.029900000000000003
2022-05-03,0.0297
2022-05-04,0.029300000000000003
2022-05-05,0.0305
2022-05-06,0.031200000000000002
2022-05-09,0.0305
2022-05-10,0.029900000000000003
2022-05-11,0.0291
2022-05-12,0.028399999999999998
2022-05-13,0.029300000000000003
2022-05-16,0.0288
2022-05-17,0.0298
2022-05-18,0.028900000000000002
2022-05-19,0.028399999999999998
2022-05-20,0.0278
2022-05-23,0.0286
2022-05-24,0.0276
2022-05-25,0.0275
2022-05-26,0.0275
2022-05-27,0.0274
2022-05-30,0.02795
2022-05-31,0.0285
2022-06-01,0.0294
2022-06-02,0.0292
2022-06-03,0.0296
2022-06-06,0.0304
2022-06-07,0.0298
2022-06-08,0.030299999999999997
2022-06-09,0.0304
2022-06-10,0.0315
2022-06-13,0.034300000000000004
2022-06-14,0.0349
2022-06-15,0.0333
2022-06-16,0.032799999999999996
2022-06-17,0.0325
2022-06-20,0.0328
2022-06-21,0.0331
2022-06-22,0.0316
2022-06-23,0.030899999999999997
2022-06-24,0.0313
2022-06-27,0.032
2022-06-28,0.032
2022-06-29,0.031
2022-06-30,0.0298
2022-07-01,0.0288
2022-07-04,0.028499999999999998
2022-07-05,0.0282
2022-07-06,0.029300000000000003
2022-07-07,0.0301
2022-07-08,0.030899999999999997
2022-07-11,0.029900000000000003
2022-07-12,0.0296
2022-07-13,0.0291
2022-07-14,0.0296
2022-07-15,0.029300000000000003
2022-07-18,0.0296
2022-07-19,0.0301
2022-07-20,0.0304
2022-07-21,0.0291
2022-07-22,0.0277
2022-07-25,0.0281
2022-07-26,0.0281
2022-07-27,0.0278
2022-07-28,0.0268
2022-07-29,0.026699999999999998
2022-08-01,0.026000000000000002
2022-08-02,0.0275
2022-08-03,0.0273
2022-08-04,0.0268
2022-08-05,0.028300000000000002
2022-08-08,0.0277
2022-08-09,0.027999999999999997
2022-08-10,0.0278
2022-08-11,0.0287
2022-08-12,0.028399999999999998
2022-08-15,0.0279
2022-08-16,0.0282
2022-08-17,0.028900000000000002
2022-08-18,0.0288
2022-08-19,0.0298
2022-08-22,0.030299999999999997
2022-08-23,0.0305
2022-08-24,0.0311
2022-08-25,0.030299999999999997
2022-08-26,0.0304
2022-08-29,0.031200000000000002
2022-08-30,0.0311
2022-08-31,0.0315
2022-09-01,0.0326
2022-09-02,0.032
2022-09-05,0.03265
2022-09-06,0.0333
2022-09-07,0.0327
2022-09-08,0.0329
2022-09-09,0.0333
2022-09-12,0.0337
2022-09-13,0.0342
2022-09-14,0.0341
2022-09-15,0.0345
2022-09-16,0.0345
2022-09-19,0.0349
2022-09-20,0.035699999999999996
2022-09-21,0.0351
2022-09-22,0.037000000000000005
2022-09-23,0.0369
2022-09-26,0.0388
2022-09-27,0.0397
2022-09-28,0.037200000000000004
2022-09-29,0.037599999999999995
2022-09-30,0.0383
2022-10-03,0.036699999999999997
2022-10-04,0.0362
2022-10-05,0.037599999999999995
2022-10-06,0.0383
2022-10-07,0.038900000000000004
2022-10-10,0.0391
2022-10-11,0.0393
2022-10-12,0.0391
2022-10-13,0.0397
2022-10-14,0.04
2022-10-17,0.04019999999999999
2022-10-18,0.0401
2022-10-19,0.0414
2022-10-20,0.0424
2022-10-21,0.0421
2022-10-24,0.0425
2022-10-25,0.040999999999999995
2022-10-26,0.0404
2022-10-27,0.039599999999999996
2022-10-28,0.04019999999999999
2022-10-31,0.040999999999999995
2022-11-01,0.0407
2022-11-02,0.040999999999999995
2022-11-03,0.0414
2022-11-04,0.0417
2022-11-07,0.042199999999999994
2022-11-08,0.0414
2022-11-09,0.0412
2022-11-10,0.0382
2022-11-11,0.0385
2022-11-14,0.0388
2022-11-15,0.038
2022-11-16,0.036699999999999997
2022-11-17,0.0377
2022-11-18,0.0382
2022-11-21,0.0383
2022-11-22,0.037599999999999995
2022-11-23,0.0371
2022-11-24,0.036950000000000004
2022-11-25,0.0368
2022-11-28,0.0369
2022-11-29,0.0375
2022-11-30,0.0368
2022-12-01,0.0353
2022-12-02,0.0351
2022-12-05,0.036000000000000004
2022-12-06,0.0351
2022-12-07,0.0342
2022-12-08,0.0348
2022-12-09,0.035699999999999996
2022-12-12,0.0361
2022-12-13,0.0351
2022-12-14,0.0349
2022-12-15,0.0344
2022-12-16,0.0348
2022-12-19,0.035699999999999996
2022-12-20,0.0369
2022-12-21,0.0368
2022-12-22,0.036699999999999997
2022-12-23,0.0375
2022-12-26,0.03795
2022-12-27,0.0384
2022-12-28,0.0388
2022-12-29,0.0383
2022-12-30,0.0388
2023-01-02,0.03835
2023-01-03,0.0379
2023-01-04,0.0369
2023-01-05,0.0371
2023-01-06,0.0355
2023-01-09,0.0353
2023-01-10,0.0361
2023-01-11,0.0354
2023-01-12,0.034300000000000004
2023-01-13,0.0349
2023-01-16,0.0351
2023-01-17,0.0353
2023-01-18,0.0337
2023-01-19,0.0339
2023-01-20,0.0348
2023-01-23,0.0352
2023-01-24,0.0346
2023-01-25,0.0346
2023-01-26,0.0349
2023-01-27,0.0352
2023-01-30,0.0355
2023-01-31,0.0352
2023-02-01,0.0339
2023-02-02,0.034
2023-02-03,0.0353
2023-02-06,0.0363
2023-02-07,0.036699999999999997
2023-02-08,0.0363
2023-02-09,0.036699999999999997
2023-02-10,0.0374
2023-02-13,0.037200000000000004
2023-02-14,0.0377
2023-02-15,0.0381
2023-02-16,0.038599999999999995
2023-02-17,0.0382
2023-02-20,0.038849999999999996
2023-02-21,0.0395
2023-02-22,0.0393
2023-02-23,0.0388
2023-02-24,0.0395
2023-02-27,0.0392
2023-02-28,0.0392
2023-03-01,0.0401
2023-03-02,0.0408
2023-03-03,0.0397
2023-03-06,0.0398
2023-03-07,0.0397
2023-03-08,0.0398
2023-03-09,0.0393
2023-03-10,0.037000000000000005
2023-03-13,0.0355
2023-03-14,0.0364
2023-03-15,0.0351
2023-03-16,0.0356
2023-03-17,0.0339
2023-03-20,0.0347
2023-03-21,0.0359
2023-03-22,0.0348
2023-03-23,0.0338
2023-03-24,0.0338
2023-03-27,0.0353
2023-03-28,0.0355
2023-03-29,0.035699999999999996
2023-03-30,0.0355
2023-03-31,0.0348
2023-04-03,0.034300000000000004
2023-04-04,0.0335
2023-04-05,0.033
2023-04-06,0.033
2023-04-07,0.0339
2023-04-10,0.0341
2023-04-11,0.034300000000000004
2023-04-12,0.0341
2023-04-13,0.0345
2023-04-14,0.0352
2023-04-17,0.036000000000000004
2023-04-18,0.0358
2023-04-19,0.036000000000000004
2023-04-20,0.0354
2023-04-21,0.035699999999999996
2023-04-24,0.0352
2023-04-25,0.034
2023-04-26,0.034300000000000004
2023-04-27,0.0353
2023-04-28,0.0344
2023-05-01,0.0359
2023-05-02,0.0344
2023-05-03,0.0338
2023-05-04,0.0337
2023-05-05,0.0344
2023-05-08,0.0352
2023-05-09,0.0353
2023-05-10,0.034300000000000004
2023-05-11,0.0339
2023-05-12,0.0346
2023-05-15,0.035
2023-05-16,0.0354
2023-05-17,0.035699999999999996
2023-05-18,0.0365
2023-05-19,0.037000000000000005
2023-05-22,0.037200000000000004
2023-05-23,0.037000000000000005
2023-05-24,0.0373
2023-05-25,0.0383
2023-05-26,0.038
2023-05-29,0.037450000000000004
2023-05-30,0.0369
2023-05-31,0.0364
2023-06-01,0.0361
2023-06-02,0.0369
2023-06-05,0.0369
2023-06-06,0.037000000000000005
2023-06-07,0.0379
2023-06-08,0.0373
2023-06-09,0.0375
2023-06-12,0.0373
2023-06-13,0.0384
2023-06-14,0.0383
2023-06-15,0.037200000000000004
2023-06-16,0.0377
2023-06-19,0.03755
2023-06-20,0.0374
2023-06-21,0.037200000000000004
2023-06-22,0.038
2023-06-23,0.0374
2023-06-26,0.037200000000000004
2023-06-27,0.0377
2023-06-28,0.0371
2023-06-29,0.0385
2023-06-30,0.0381
2023-07-03,0.038599999999999995
2023-07-04,0.03905
2023-07-05,0.0395
2023-07-06,0.0405
2023-07-07,0.0406
2023-07-10,0.0401
2023-07-11,0.039900000000000005
2023-07-12,0.038599999999999995
2023-07-13,0.037599999999999995
2023-07-14,0.0383
2023-07-17,0.0381
2023-07-18,0.038
2023-07-19,0.0375
2023-07-20,0.0385
2023-07-21,0.0384
2023-07-24,0.038599999999999995
2023-07-25,0.0391
2023-07-26,0.038599999999999995
2023-07-27,0.0401
2023-07-28,0.039599999999999996
2023-07-31,0.0397
2023-08-01,0.0405
2023-08-02,0.0408
2023-08-03,0.042
2023-08-04,0.0405
2023-08-07,0.0409
2023-08-08,0.04019999999999999
2023-08-09,0.04
2023-08-10,0.0409
2023-08-11,0.0416
2023-08-14,0.04190000000000001
2023-08-15,0.0421
2023-08-16,0.042800000000000005
2023-08-17,0.043
2023-08-18,0.0426
2023-08-21,0.0434
2023-08-22,0.0434
2023-08-23,0.04190000000000001
2023-08-24,0.042300000000000004
2023-08-25,0.0425
2023-08-28,0.042
2023-08-29,0.0412
2023-08-30,0.0412
2023-08-31,0.0409
2023-09-01,0.0418
2023-09-04,0.042249999999999996
2023-09-05,0.042699999999999995
2023-09-06,0.043
2023-09-07,0.042699999999999995
2023-09-08,0.0426
2023-09-11,0.0429
2023-09-12,0.042699999999999995
2023-09-13,0.0425
2023-09-14,0.0429
2023-09-15,0.0433
2023-09-18,0.0432
2023-09-19,0.0437
2023-09-20,0.0435
2023-09-21,0.0449
2023-09-22,0.0444
2023-09-25,0.0455
2023-09-26,0.045599999999999995
2023-09-27,0.0461
2023-09-28,0.045899999999999996
2023-09-29,0.045899999999999996
2023-10-02,0.046900000000000004
2023-10-03,0.0481
2023-10-04,0.0473
2023-10-05,0.0472
2023-10-06,0.0478
2023-10-09,0.047200000000000006
2023-10-10,0.0466
2023-10-11,0.0458
2023-10-12,0.047
2023-10-13,0.0463
2023-10-16,0.0471
2023-10-17,0.0483
2023-10-18,0.049100000000000005
2023-10-19,0.049800000000000004
2023-10-20,0.0493
2023-10-23,0.048600000000000004
2023-10-24,0.0483
2023-10-25,0.0495
2023-10-26,0.048600000000000004
2023-10-27,0.0484
2023-10-30,0.048799999999999996
2023-10-31,0.048799999999999996
2023-11-01,0.04769999999999999
2023-11-02,0.0467
2023-11-03,0.045700000000000005
2023-11-06,0.0467
2023-11-07,0.0458
2023-11-08,0.0449
2023-11-09,0.0462
2023-11-10,0.0461
2023-11-13,0.0463
2023-11-14,0.0444
2023-11-15,0.0453
2023-11-16,0.044500000000000005
2023-11-17,0.0444
2023-11-20,0.044199999999999996
2023-11-21,0.0441
2023-11-22,0.044199999999999996
2023-11-23,0.04445
2023-11-24,0.0447
2023-11-27,0.043899999999999995
2023-11-28,0.0434
2023-11-29,0.042699999999999995
2023-11-30,0.0437
2023-12-01,0.042199999999999994
2023-12-04,0.042800000000000005
2023-12-05,0.0418
2023-12-06,0.0412
2023-12-07,0.0414
2023-12-08,0.042300000000000004
2023-12-11,0.042300000000000004
2023-12-12,0.042
2023-12-13,0.0404
2023-12-14,0.0392
2023-12-15,0.0391
2023-12-18,0.0395
2023-12-19,0.0393
2023-12-20,0.038599999999999995
2023-12-21,0.038900000000000004
2023-12-22,0.039
2023-12-25,0.03895
2023-12-26,0.038900000000000004
2023-12-27,0.0379
2023-12-28,0.0384
2023-12-29,0.0388
2024-01-01,0.03915
2024-01-02,0.0395
2024-01-03,0.0391
2024-01-04,0.039900000000000005
2024-01-05,0.0405
2024-01-08,0.0401
2024-01-09,0.04019999999999999
2024-01-10,0.0404
2024-01-11,0.0398
2024-01-12,0.039599999999999996
2024-01-15,0.040150000000000005
2024-01-16,0.0407
2024-01-17,0.040999999999999995
2024-01-18,0.0414
2024-01-19,0.0415
2024-01-22,0.041100000000000005
2024-01-23,0.0414
2024-01-24,0.0418
2024-01-25,0.0414
2024-01-26,0.0415
2024-01-29,0.0408
2024-01-30,0.0406
2024-01-31,0.039900000000000005
2024-02-01,0.0387
2024-02-02,0.0403
2024-02-05,0.0417
2024-02-06,0.0409
2024-02-07,0.0409
2024-02-08,0.0415
2024-02-09,0.0417
2024-02-12,0.0417
2024-02-13,0.0431
2024-02-14,0.042699999999999995
2024-02-15,0.0424
2024-02-16,0.043
2024-02-19,0.04285
2024-02-20,0.042699999999999995
2024-02-21,0.0432
2024-02-22,0.0433
2024-02-23,0.0426
2024-02-26,0.042800000000000005
2024-02-27,0.0431
2024-02-28,0.042699999999999995
2024-02-29,0.0425
2024-03-01,0.04190000000000001
2024-03-04,0.042199999999999994
2024-03-05,0.041299999999999996
2024-03-06,0.041100000000000005
2024-03-07,0.0409
2024-03-08,0.0409
2024-03-11,0.040999999999999995
2024-03-12,0.0416
2024-03-13,0.04190000000000001
2024-03-14,0.0429
2024-03-15,0.0431
2024-03-18,0.0434
2024-03-19,0.043
2024-03-20,0.042699999999999995
2024-03-21,0.042699999999999995
2024-03-22,0.042199999999999994
2024-03-25,0.0425
2024-03-26,0.0424
2024-03-27,0.042
2024-03-28,0.042
2024-03-29,0.04265000000000001
2024-04-01,0.0433
2024-04-02,0.0436
2024-04-03,0.0436
2024-04-04,0.0431
2024-04-05,0.043899999999999995
2024-04-08,0.044199999999999996
2024-04-09,0.0436
2024-04-10,0.0455
2024-04-11,0.045599999999999995
2024-04-12,0.045
2024-04-15,0.0463
2024-04-16,0.0467
2024-04-17,0.045899999999999996
2024-04-18,0.0464
2024-04-19,0.0462
2024-04-22,0.0462
2024-04-23,0.0461
2024-04-24,0.04650000000000001
2024-04-25,0.047
2024-04-26,0.0467
2024-04-29,0.0463
2024-04-30,0.046900000000000004
2024-05-01,0.0463
2024-05-02,0.0458
2024-05-03,0.045
2024-05-06,0.0449
2024-05-07,0.0447
2024-05-08,0.044800000000000006
2024-05-09,0.044500000000000005
2024-05-10,0.045
2024-05-13,0.044800000000000006
2024-05-14,0.044500000000000005
2024-05-15,0.0436
2024-05-16,0.0438
2024-05-17,0.044199999999999996
2024-05-20,0.0444
2024-05-21,0.0441
2024-05-22,0.0443
2024-05-23,0.0447
2024-05-24,0.0446
2024-05-27,0.045
2024-05-28,0.0454
2024-05-29,0.0461
2024-05-30,0.0455
2024-05-31,0.0451
2024-06-03,0.0441
2024-06-04,0.0433
2024-06-05,0.0429
2024-06-06,0.042800000000000005
2024-06-07,0.0443
2024-06-10,0.0447
2024-06-11,0.043899999999999995
2024-06-12,0.0431
2024-06-13,0.0424
2024-06-14,0.042
2024-06-17,0.042800000000000005
2024-06-18,0.042199999999999994
2024-06-19,0.04234999999999999
2024-06-20,0.0425
2024-06-21,0.0425
2024-06-24,0.0425
2024-06-25,0.042300000000000004
2024-06-26,0.0432
2024-06-27,0.0429
2024-06-28,0.0436
2024-07-01,0.044800000000000006
2024-07-02,0.0443
2024-07-03,0.0436
2024-07-04,0.0432
2024-07-05,0.042800000000000005
2024-07-08,0.042800000000000005
2024-07-09,0.043
2024-07-10,0.042800000000000005
2024-07-11,0.042
2024-07-12,0.0418
2024-07-15,0.042300000000000004
2024-07-16,0.0417
2024-07-17,0.0416
2024-07-18,0.042
2024-07-19,0.0425
2024-07-22,0.0426
2024-07-23,0.0425
2024-07-24,0.042800000000000005
2024-07-25,0.042699999999999995
2024-07-26,0.042
2024-07-29,0.0417
2024-07-30,0.0415
2024-07-31,0.0409
2024-08-01,0.039900000000000005
2024-08-02,0.038
2024-08-05,0.0378
2024-08-06,0.039
2024-08-07,0.039599999999999996
2024-08-08,0.039900000000000005
2024-08-09,0.0394
2024-08-12,0.039
2024-08-13,0.0385
2024-08-14,0.0383
2024-08-15,0.0392
2024-08-16,0.038900000000000004
2024-08-19,0.038599999999999995
2024-08-20,0.0382
2024-08-21,0.0379
2024-08-22,0.038599999999999995
2024-08-23,0.0381
2024-08-26,0.0382
2024-08-27,0.0383
2024-08-28,0.0384
2024-08-29,0.0387
2024-08-30,0.0391
2024-09-02,0.03875
2024-09-03,0.0384
2024-09-04,0.0377
2024-09-05,0.0373
2024-09-06,0.037200000000000004
2024-09-09,0.037000000000000005
2024-09-10,0.0365
2024-09-11,0.0365
2024-09-12,0.0368
2024-09-13,0.0366
2024-09-16,0.0363
2024-09-17,0.0365
2024-09-18,0.037000000000000005
2024-09-19,0.0373
2024-09-20,0.0373
2024-09-23,0.0375
2024-09-24,0.0374
2024-09-25,0.0379
2024-09-26,0.0379
2024-09-27,0.0375
2024-09-30,0.0381
2024-10-01,0.0374
2024-10-02,0.0379
2024-10-03,0.0385
2024-10-04,0.0398
2024-10-07,0.0403
2024-10-08,0.0404
2024-10-09,0.0406
2024-10-10,0.0409
2024-10-11,0.0408
2024-10-14,0.040549999999999996
2024-10-15,0.0403
2024-10-16,0.04019999999999999
2024-10-17,0.0409
2024-10-18,0.0408
2024-10-21,0.04190000000000001
2024-10-22,0.042
2024-10-23,0.0424
2024-10-24,0.0421
2024-10-25,0.0425
2024-10-28,0.042800000000000005
2024-10-29,0.042800000000000005
2024-10-30,0.0429
2024-10-31,0.042800000000000005
2024-11-01,0.0437
2024-11-04,0.0431
2024-11-05,0.0426
2024-11-06,0.044199999999999996
2024-11-07,0.0431
2024-11-08,0.043
2024-11-11,0.04365
2024-11-12,0.0443
2024-11-13,0.0444
2024-11-14,0.0443
2024-11-15,0.0443
2024-11-18,0.044199999999999996
2024-11-19,0.043899999999999995
2024-11-20,0.0441
2024-11-21,0.0443
2024-11-22,0.0441
2024-11-25,0.042699999999999995
2024-11-26,0.043
2024-11-27,0.0425
2024-11-28,0.04215
2024-11-29,0.0418
2024-12-02,0.04190000000000001
2024-12-03,0.042300000000000004
2024-12-04,0.04190000000000001
2024-12-05,0.0417
2024-12-06,0.0415
2024-12-09,0.042
2024-12-10,0.042199999999999994
2024-12-11,0.0426
2024-12-12,0.0432
2024-12-13,0.044000000000000004
2024-12-16,0.043899999999999995
2024-12-17,0.044000000000000004
2024-12-18,0.045
2024-12-19,0.045700000000000005
2024-12-20,0.0452
2024-12-23,0.045899999999999996
2024-12-24,0.045899999999999996
2024-12-25,0.04585
2024-12-26,0.0458
2024-12-27,0.0462
2024-12-30,0.0455
2024-12-31,0.0458
2025-01-01,0.04575
2025-01-02,0.045700000000000005
2025-01-03,0.046
2025-01-06,0.0462
2025-01-07,0.0467
2025-01-08,0.0467
2025-01-09,0.046799999999999994
2025-01-10,0.04769999999999999
2025-01-13,0.0479
2025-01-14,0.0478
2025-01-15,0.0466
2025-01-16,0.0461
2025-01-17,0.0461
2025-01-20,0.045899999999999996
2025-01-21,0.045700000000000005
2025-01-22,0.046
2025-01-23,0.04650000000000001
2025-01-24,0.0463
2025-01-27,0.0453
2025-01-28,0.0455
2025-01-29,0.0455
2025-01-30,0.0452
2025-01-31,0.0458
2025-02-03,0.0454
2025-02-04,0.0452
2025-02-05,0.0443
2025-02-06,0.044500000000000005
2025-02-07,0.0449
2025-02-10,0.0451
2025-02-11,0.0454
2025-02-12,0.0462
2025-02-13,0.0452
2025-02-14,0.0447
2025-02-17,0.0451
2025-02-18,0.0455
2025-02-19,0.0453
2025-02-20,0.045
2025-02-21,0.044199999999999996
2025-02-24,0.044000000000000004
2025-02-25,0.043
2025-02-26,0.0425
2025-02-27,0.0429
2025-02-28,0.0424
2025-03-03,0.0416
2025-03-04,0.042199999999999994
2025-03-05,0.042800000000000005
2025-03-06,0.0429
2025-03-07,0.0432
2025-03-10,0.042199999999999994
2025-03-11,0.042800000000000005
2025-03-12,0.0432
2025-03-13,0.042699999999999995
2025-03-14,0.0431
2025-03-17,0.0431
2025-03-18,0.0429
2025-03-19,0.0425
2025-03-20,0.0424
2025-03-21,0.0425
2025-03-24,0.0434
2025-03-25,0.0431
2025-03-26,0.0435
2025-03-27,0.0438
2025-03-28,0.042699999999999995
2025-03-31,0.042300000000000004
2025-04-01,0.0417
2025-04-02,0.042
2025-04-03,0.0406
2025-04-04,0.0401
2025-04-07,0.0415
2025-04-08,0.0426
2025-04-09,0.0434
2025-04-10,0.044000000000000004
2025-04-11,0.044800000000000006
2025-04-14,0.0438
2025-04-15,0.0435
2025-04-16,0.0429
2025-04-17,0.0434
2025-04-18,0.0438
2025-04-21,0.044199999999999996
2025-04-22,0.0441
2025-04-23,0.044000000000000004
2025-04-24,0.0432
2025-04-25,0.0429
2025-04-28,0.042300000000000004
2025-04-29,0.04190000000000001
2025-04-30,0.0417
2025-05-01,0.0425
2025-05-02,0.0433
2025-05-05,0.0436
2025-05-06,0.043
2025-05-07,0.0426
2025-05-08,0.0437
2025-05-09,0.0437
2025-05-12,0.044500000000000005
2025-05-13,0.0449
2025-05-14,0.0453
2025-05-15,0.044500000000000005
2025-05-16,0.0443
2025-05-19,0.0446
2025-05-20,0.044800000000000006
2025-05-21,0.0458
2025-05-22,0.0454
2025-05-23,0.0451
2025-05-26,0.0447
2025-05-27,0.0443
2025-05-28,0.0447
2025-05-29,0.0443
2025-05-30,0.0441
2025-06-02,0.0446
2025-06-03,0.0446
2025-06-04,0.0437
2025-06-05,0.044000000000000004
2025-06-06,0.0451
2025-06-09,0.0449
2025-06-10,0.0447
2025-06-11,0.0441
2025-06-12,0.0436
2025-06-13,0.0441
2025-06-16,0.0446
2025-06-17,0.043899999999999995
2025-06-18,0.0438
2025-06-19,0.0438
2025-06-20,0.0438
2025-06-23,0.0434
2025-06-24,0.043
2025-06-25,0.0429
2025-06-26,0.0426
2025-06-27,0.0429
2025-06-30,0.0424
2025-07-01,0.0426
2025-07-02,0.043
2025-07-03,0.0435
2025-07-04,0.04375
2025-07-07,0.044000000000000004
2025-07-08,0.044199999999999996
2025-07-09,0.0434
2025-07-10,0.0435
2025-07-11,0.0443
2025-07-14,0.0443
2025-07-15,0.045
2025-07-16,0.0446
2025-07-17,0.0447
2025-07-18,0.0444
2025-07-21,0.0438
2025-07-22,0.0435
2025-07-23,0.044000000000000004
2025-07-24,0.0443
2025-07-25,0.044000000000000004
2025-07-28,0.044199999999999996
2025-07-29,0.0434
2025-07-30,0.0438
2025-07-31,0.0437
2025-08-01,0.042300000000000004
2025-08-04,0.042199999999999994
2025-08-05,0.042199999999999994
2025-08-06,0.042199999999999994
2025-08-07,0.042300000000000004
2025-08-08,0.042699999999999995
2025-08-11,0.042699999999999995
2025-08-12,0.0429
2025-08-13,0.0424
2025-08-14,0.0429
2025-08-15,0.0433
2025-08-18,0.0434
2025-08-19,0.043
2025-08-20,0.0429
2025-08-21,0.0433
2025-08-22,0.0426
2025-08-25,0.042800000000000005
2025-08-26,0.0426
2025-08-27,0.0424
2025-08-28,0.042199999999999994
2025-08-29,0.042300000000000004
2025-09-01,0.042550000000000004
2025-09-02,0.042800000000000005
2025-09-03,0.042199999999999994
2025-09-04,0.0417
2025-09-05,0.040999999999999995
2025-09-08,0.0405
2025-09-09,0.0408
2025-09-10,0.0404
2025-09-11,0.0401
2025-09-12,0.0406
2025-09-15,0.0405
2025-09-16,0.0404
2025-09-17,0.0406
2025-09-18,0.041100000000000005
2025-09-19,0.0414
2025-09-22,0.0415
2025-09-23,0.0412
2025-09-24,0.0416
2025-09-25,0.0418
2025-09-26,0.042
2025-09-29,0.0415
2025-09-30,0.0416
2025-10-01,0.0412
2025-10-02,0.040999999999999995
2025-10-03,0.041299999999999996
2025-10-06,0.0418
2025-10-07,0.0414
2025-10-08,0.041299999999999996
2025-10-09,0.0414
2025-10-10,0.0405
2025-10-13,0.0404
2025-10-14,0.0403
2025-10-15,0.0405
2025-10-16,0.039900000000000005
2025-10-17,0.04019999999999999
2025-10-20,0.04
2025-10-21,0.0398
2025-10-22,0.0397
2025-10-23,0.0401
2025-10-24,0.04019999999999999
2025-10-27,0.0401
2025-10-28,0.039900000000000005
2025-10-29,0.0408
2025-10-30,0.041100000000000005
2025-10-31,0.041100000000000005
2025-11-03,0.041299999999999996
2025-11-04,0.040999999999999995
2025-11-05,0.0417
2025-11-06,0.041100000000000005
2025-11-07,0.041100000000000005
2025-11-10,0.041299999999999996
2025-11-11,0.04105
2025-11-12,0.0408
2025-11-13,0.041100000000000005
2025-11-14,0.0414
2025-11-17,0.041299999999999996
2025-11-18,0.0412
2025-11-19,0.041299999999999996
2025-11-20,0.040999999999999995
