Date,Close,High,Low,Open,Volume
2025-07-11 13:40:00+00:00,1787.760009765625,1787.760009765625,1787.760009765625,1787.760009765625,0
2025-07-11 15:45:00+00:00,1789.72998046875,1789.72998046875,1789.72998046875,1789.72998046875,931
2025-07-11 16:35:00+00:00,1795.1300048828125,1795.1300048828125,1787.0,1787.0,1774
2025-07-11 16:40:00+00:00,1798.0,1798.0,1798.0,1798.0,1559
2025-07-11 16:50:00+00:00,1798.0,1798.0,1798.0,1798.0,3544
2025-07-11 18:30:00+00:00,1796.0,1796.0,1796.0,1796.0,183
2025-07-11 18:40:00+00:00,1796.9150390625,1796.9150390625,1796.9150390625,1796.9150390625,1352
2025-07-11 19:50:00+00:00,1796.7900390625,1796.7900390625,1796.7900390625,1796.7900390625,684
2025-07-14 13:45:00+00:00,1809.5,1809.699951171875,1809.5,1809.699951171875,11174
2025-07-14 15:10:00+00:00,1829.4300537109373,1829.4300537109373,1829.4300537109373,1829.4300537109373,6961
2025-07-14 18:20:00+00:00,1824.010009765625,1824.010009765625,1824.010009765625,1824.010009765625,461
2025-07-14 18:25:00+00:00,1820.5,1820.5,1820.5,1820.5,1470
2025-07-14 19:30:00+00:00,1826.93994140625,1831.18994140625,1826.93994140625,1831.18994140625,1230
2025-07-15 13:35:00+00:00,1823.0,1823.0,1823.0,1823.0,5815
2025-07-15 14:25:00+00:00,1807.0,1807.0,1807.0,1807.0,2885
2025-07-15 15:10:00+00:00,1809.280029296875,1809.280029296875,1809.280029296875,1809.280029296875,4299
2025-07-15 15:35:00+00:00,1813.25,1813.25,1813.25,1813.25,3623
2025-07-15 17:00:00+00:00,1798.300048828125,1798.300048828125,1798.300048828125,1798.300048828125,527
2025-07-15 19:55:00+00:00,1799.8699951171875,1800.0,1799.8699951171875,1800.0,3436
2025-07-16 13:30:00+00:00,1800.0,1800.0,1800.0,1800.0,5932
2025-07-16 13:40:00+00:00,1809.2149658203125,1820.7449951171875,1809.2149658203125,1820.7449951171875,865
2025-07-16 13:45:00+00:00,1804.43505859375,1804.43505859375,1804.43505859375,1804.43505859375,3351
2025-07-16 13:50:00+00:00,1804.68505859375,1804.68505859375,1804.68505859375,1804.68505859375,2231
2025-07-16 14:00:00+00:00,1794.2249755859375,1794.2249755859375,1794.2249755859375,1794.2249755859375,10993
2025-07-16 14:55:00+00:00,1799.0,1799.0,1799.0,1799.0,3805
2025-07-16 16:50:00+00:00,1787.502197265625,1787.502197265625,1787.502197265625,1787.502197265625,3087
2025-07-17 13:30:00+00:00,1774.0,1774.0,1774.0,1774.0,8577
2025-07-17 14:00:00+00:00,1779.0,1779.0,1779.0,1779.0,4485
2025-07-17 15:00:00+00:00,1788.0,1788.0,1788.0,1788.0,9799
2025-07-17 19:50:00+00:00,1804.530029296875,1804.530029296875,1804.530029296875,1804.530029296875,1188
2025-07-18 14:00:00+00:00,1819.5,1819.5,1819.5,1819.5,10343
2025-07-18 14:05:00+00:00,1824.800048828125,1824.800048828125,1824.800048828125,1824.800048828125,2760
2025-07-18 14:25:00+00:00,1824.75,1824.75,1824.75,1824.75,5461
2025-07-18 15:55:00+00:00,1801.6700439453125,1801.6700439453125,1801.6700439453125,1801.6700439453125,2840
2025-07-18 19:50:00+00:00,1814.280029296875,1814.280029296875,1814.280029296875,1814.280029296875,380
2025-07-18 19:55:00+00:00,1813.56005859375,1813.56005859375,1812.699951171875,1812.699951171875,1065
2025-07-21 13:30:00+00:00,1820.0,1820.0,1820.0,1820.0,4958
2025-07-21 14:10:00+00:00,1808.81005859375,1808.81005859375,1808.81005859375,1808.81005859375,2062
2025-07-21 16:50:00+00:00,1815.68994140625,1815.68994140625,1815.68994140625,1815.68994140625,3075
2025-07-21 19:55:00+00:00,1776.2099609375,1780.7249755859375,1776.2099609375,1779.3199462890625,4789
2025-07-22 13:30:00+00:00,1770.5,1770.5,1770.5,1770.5,5534
2025-07-22 14:50:00+00:00,1799.0,1799.0,1799.0,1799.0,2216
2025-07-22 15:00:00+00:00,1799.43994140625,1799.43994140625,1799.43994140625,1799.43994140625,2266
2025-07-22 17:35:00+00:00,1794.7900390625,1794.7900390625,1794.7900390625,1794.7900390625,536
2025-07-22 18:10:00+00:00,1795.760009765625,1795.760009765625,1795.760009765625,1795.760009765625,1651
2025-07-22 19:45:00+00:00,1787.0,1787.0,1787.0,1787.0,436
2025-07-22 19:55:00+00:00,1791.4000244140625,1791.4000244140625,1787.8699951171875,1787.8699951171875,5166
2025-07-23 14:35:00+00:00,1789.0999755859375,1789.0999755859375,1789.0999755859375,1789.0999755859375,3473
2025-07-23 15:00:00+00:00,1787.0999755859375,1787.0999755859375,1786.760009765625,1786.8599853515625,1615
2025-07-23 16:25:00+00:00,1780.5150146484375,1780.5150146484375,1780.5150146484375,1780.5150146484375,573
2025-07-23 17:50:00+00:00,1781.7449951171875,1781.7449951171875,1781.7449951171875,1781.7449951171875,1253
2025-07-23 18:55:00+00:00,1783.699951171875,1783.699951171875,1782.25,1782.25,1260
2025-07-23 19:00:00+00:00,1784.0,1784.0,1784.0,1784.0,1896
2025-07-24 17:35:00+00:00,1785.3900146484375,1785.3900146484375,1785.3900146484375,1785.3900146484375,9089
2025-07-24 19:55:00+00:00,1782.1300048828125,1784.1300048828125,1782.1300048828125,1784.1300048828125,3730
2025-07-25 13:50:00+00:00,1785.0999755859375,1785.0999755859375,1785.0999755859375,1785.0999755859375,1924
2025-07-25 14:05:00+00:00,1792.0,1792.0,1792.0,1792.0,1326
2025-07-25 14:35:00+00:00,1791.0,1791.0,1791.0,1791.0,266
2025-07-25 14:45:00+00:00,1794.0,1794.0,1794.0,1794.0,3228
2025-07-25 19:35:00+00:00,1787.010009765625,1787.010009765625,1787.010009765625,1787.010009765625,328
2025-07-25 19:50:00+00:00,1787.8900146484375,1787.8900146484375,1782.93505859375,1782.93505859375,688
2025-07-25 19:55:00+00:00,1786.550048828125,1789.2149658203125,1786.550048828125,1788.47998046875,1859
2025-07-28 13:50:00+00:00,1780.0,1780.0,1780.0,1780.0,5029
2025-07-28 14:35:00+00:00,1785.219970703125,1785.219970703125,1785.219970703125,1785.219970703125,1414
2025-07-28 15:15:00+00:00,1782.2950439453125,1782.2950439453125,1782.2950439453125,1782.2950439453125,1169
2025-07-28 17:45:00+00:00,1785.612060546875,1785.612060546875,1785.612060546875,1785.612060546875,2536
2025-07-29 14:05:00+00:00,1796.9000244140625,1796.9000244140625,1796.9000244140625,1796.9000244140625,4189
2025-07-29 16:25:00+00:00,1785.5250244140625,1785.5250244140625,1785.5250244140625,1785.5250244140625,518
2025-07-29 16:40:00+00:00,1787.010009765625,1787.010009765625,1787.010009765625,1787.010009765625,512
2025-07-29 17:35:00+00:00,1788.364990234375,1788.8699951171875,1788.2099609375,1788.8699951171875,383
2025-07-29 17:40:00+00:00,1788.364990234375,1788.364990234375,1788.364990234375,1788.364990234375,1708
2025-07-29 19:30:00+00:00,1792.1099853515625,1792.1099853515625,1792.1099853515625,1792.1099853515625,503
2025-07-30 13:40:00+00:00,1793.0,1796.0,1793.0,1796.0,3204
2025-07-30 14:25:00+00:00,1790.5001220703125,1790.5001220703125,1790.5001220703125,1790.5001220703125,1231
2025-07-30 15:50:00+00:00,1788.4854736328125,1788.4854736328125,1788.4854736328125,1788.4854736328125,1476
2025-07-30 18:00:00+00:00,1784.18994140625,1784.18994140625,1784.18994140625,1784.18994140625,570
2025-07-30 18:55:00+00:00,1785.0799560546875,1785.0799560546875,1785.0799560546875,1785.0799560546875,1287
2025-07-30 19:35:00+00:00,1778.030029296875,1778.780029296875,1773.199951171875,1775.4300537109375,2272
2025-07-30 19:55:00+00:00,1785.469970703125,1785.469970703125,1782.1600341796875,1782.1600341796875,2763
2025-07-31 13:55:00+00:00,1790.0,1790.0,1790.0,1790.0,3519
2025-07-31 14:20:00+00:00,1796.800048828125,1796.800048828125,1793.0999755859375,1793.0999755859375,225
2025-07-31 14:25:00+00:00,1793.010009765625,1793.010009765625,1793.010009765625,1793.010009765625,594
2025-07-31 15:00:00+00:00,1785.0,1785.0,1785.0,1785.0,1294
2025-07-31 17:55:00+00:00,1788.2900390625,1788.2900390625,1788.2900390625,1788.2900390625,1963
2025-07-31 19:25:00+00:00,1780.5699462890625,1780.5699462890625,1780.5699462890625,1780.5699462890625,449
2025-07-31 19:35:00+00:00,1781.030029296875,1781.030029296875,1781.030029296875,1781.030029296875,1311
2025-07-31 19:45:00+00:00,1785.0400390625,1786.125,1785.0400390625,1786.125,477
2025-07-31 19:55:00+00:00,1784.85498046875,1787.06005859375,1780.844970703125,1787.06005859375,3227
2025-08-01 13:35:00+00:00,1779.9300537109375,1779.9300537109375,1779.9300537109375,1779.9300537109375,2260
2025-08-01 14:10:00+00:00,1767.5999755859375,1767.5999755859375,1767.5999755859375,1767.5999755859375,1306
2025-08-01 14:45:00+00:00,1773.199951171875,1773.199951171875,1770.02001953125,1770.02001953125,1944
2025-08-01 15:15:00+00:00,1762.0,1762.0,1762.0,1762.0,2083
2025-08-01 15:45:00+00:00,1770.5849609375,1770.5849609375,1770.5849609375,1770.5849609375,3542
2025-08-01 19:15:00+00:00,1778.97998046875,1778.97998046875,1778.97998046875,1778.97998046875,669
2025-08-01 19:55:00+00:00,1772.3499755859375,1774.4000244140625,1772.3499755859375,1774.4000244140625,3331
2025-08-04 13:30:00+00:00,1777.8699951171875,1777.8699951171875,1777.8699951171875,1777.8699951171875,1536
2025-08-04 13:35:00+00:00,1790.0,1790.0,1790.0,1790.0,2328
2025-08-04 13:45:00+00:00,1778.0,1778.0,1778.0,1778.0,2066
2025-08-04 15:15:00+00:00,1782.64501953125,1782.64501953125,1782.64501953125,1782.64501953125,4003
2025-08-04 17:15:00+00:00,1777.3499755859375,1777.3499755859375,1777.3499755859375,1777.3499755859375,4575
2025-08-04 18:40:00+00:00,1774.4549560546875,1779.3699951171875,1774.4549560546875,1779.3399658203125,2769
2025-08-04 19:55:00+00:00,1777.364990234375,1777.3699951171875,1777.364990234375,1777.3699951171875,2124
2025-08-05 14:35:00+00:00,1777.4000244140625,1780.8199462890625,1777.239990234375,1779.425048828125,4353
2025-08-05 14:40:00+00:00,1787.8699951171875,1787.8699951171875,1787.8699951171875,1787.8699951171875,1285
2025-08-05 15:10:00+00:00,1780.8599853515625,1783.9300537109375,1778.010009765625,1778.010009765625,679
2025-08-05 15:15:00+00:00,1778.0,1778.0,1778.0,1778.0,1478
2025-08-05 15:20:00+00:00,1782.1875,1782.1875,1782.1875,1782.1875,3225
2025-08-05 18:35:00+00:00,1777.52001953125,1777.52001953125,1777.52001953125,1777.52001953125,1569
2025-08-05 19:50:00+00:00,1784.68994140625,1785.5,1784.68994140625,1785.5,2207
2025-08-05 19:55:00+00:00,1779.9200439453125,1783.530029296875,1779.9200439453125,1783.530029296875,3169
2025-08-06 13:30:00+00:00,1756.0,1774.9599609375,1756.0,1774.9599609375,2257
2025-08-06 13:50:00+00:00,1785.0,1785.0,1785.0,1785.0,1373
2025-08-06 14:25:00+00:00,1783.0,1783.0,1783.0,1783.0,1412
2025-08-06 14:35:00+00:00,1780.9100341796875,1781.0,1780.9100341796875,1781.0,626
2025-08-06 14:40:00+00:00,1781.510009765625,1783.0,1781.510009765625,1783.0,4043
2025-08-06 15:05:00+00:00,1786.0,1786.0,1786.0,1786.0,2818
2025-08-06 15:30:00+00:00,1778.6600341796875,1778.6600341796875,1778.6600341796875,1778.6600341796875,2205
2025-08-06 15:35:00+00:00,1776.1099853515625,1780.5,1776.1099853515625,1780.5,808
2025-08-06 15:40:00+00:00,1780.0,1780.0,1779.5,1779.5,2734
2025-08-06 16:30:00+00:00,1787.530029296875,1787.530029296875,1787.530029296875,1787.530029296875,1019
2025-08-06 17:15:00+00:00,1783.0400390625,1783.0400390625,1783.0400390625,1783.0400390625,2841
2025-08-06 18:25:00+00:00,1795.469970703125,1795.469970703125,1795.469970703125,1795.469970703125,1140
2025-08-06 19:20:00+00:00,1781.1500244140625,1788.0,1781.1500244140625,1788.0,1545
2025-08-06 19:30:00+00:00,1781.5,1781.5,1781.5,1781.5,577
2025-08-06 19:50:00+00:00,1786.989990234375,1786.989990234375,1786.969970703125,1786.969970703125,1191
2025-08-06 19:55:00+00:00,1781.5400390625,1786.9300537109375,1781.5400390625,1781.93994140625,3284
2025-08-07 13:30:00+00:00,1776.675048828125,1776.9150390625,1770.1099853515625,1770.1099853515625,2860
2025-08-07 13:35:00+00:00,1775.0,1775.0,1767.0,1767.0,4552
2025-08-07 13:55:00+00:00,1776.0,1776.0,1776.0,1776.0,3083
2025-08-07 14:00:00+00:00,1776.0,1776.0,1776.0,1776.0,5425
2025-08-07 14:50:00+00:00,1775.3199462890625,1775.3199462890625,1775.3199462890625,1775.3199462890625,3003
2025-08-07 15:25:00+00:00,1774.3499755859375,1774.3499755859375,1774.3499755859375,1774.3499755859375,7431
2025-08-07 16:15:00+00:00,1759.25,1759.25,1759.25,1759.25,1558
2025-08-07 16:25:00+00:00,1762.6300048828125,1762.6300048828125,1762.6300048828125,1762.6300048828125,1333
2025-08-07 16:30:00+00:00,1763.5400390625,1763.5400390625,1763.510009765625,1763.510009765625,1097
2025-08-07 16:35:00+00:00,1756.0,1756.0,1756.0,1756.0,1777
2025-08-07 16:50:00+00:00,1756.5,1756.5,1756.5,1756.5,2095
2025-08-07 17:20:00+00:00,1747.5999755859375,1747.5999755859375,1747.5999755859375,1747.5999755859375,1759
2025-08-07 17:40:00+00:00,1756.0,1756.0,1756.0,1756.0,1864
2025-08-07 17:50:00+00:00,1761.06005859375,1761.06005859375,1761.06005859375,1761.06005859375,1679
2025-08-07 18:10:00+00:00,1761.469970703125,1761.469970703125,1761.469970703125,1761.469970703125,1250
2025-08-07 18:40:00+00:00,1758.699951171875,1758.699951171875,1758.699951171875,1758.699951171875,494
2025-08-07 18:55:00+00:00,1762.030029296875,1762.030029296875,1762.030029296875,1762.030029296875,421
2025-08-07 19:00:00+00:00,1761.1500244140625,1761.1500244140625,1761.1500244140625,1761.1500244140625,988
2025-08-07 19:30:00+00:00,1760.780029296875,1760.780029296875,1760.780029296875,1760.780029296875,208
2025-08-07 19:35:00+00:00,1760.1500244140625,1760.1500244140625,1760.1500244140625,1760.1500244140625,570
2025-08-07 19:50:00+00:00,1753.300048828125,1753.300048828125,1753.300048828125,1753.300048828125,380
2025-08-07 19:55:00+00:00,1755.43994140625,1755.43994140625,1755.43994140625,1755.43994140625,2193
2025-08-08 13:30:00+00:00,1759.0,1759.0,1759.0,1759.0,1058
2025-08-08 13:35:00+00:00,1756.0,1789.0,1756.0,1789.0,3182
2025-08-08 14:05:00+00:00,1763.0,1769.6700439453125,1763.0,1769.6700439453125,2116
2025-08-08 14:40:00+00:00,1763.989990234375,1763.989990234375,1763.989990234375,1763.989990234375,826
2025-08-08 14:55:00+00:00,1756.0,1756.0,1756.0,1756.0,1569
2025-08-08 15:00:00+00:00,1751.0799560546875,1751.0799560546875,1751.0799560546875,1751.0799560546875,2004
2025-08-08 15:25:00+00:00,1752.1199951171875,1752.1199951171875,1752.1199951171875,1752.1199951171875,946
2025-08-08 15:55:00+00:00,1752.6199951171875,1754.949951171875,1752.6199951171875,1754.949951171875,671
2025-08-08 16:00:00+00:00,1750.2099609375,1750.2099609375,1750.2099609375,1750.2099609375,544
2025-08-08 16:20:00+00:00,1760.0,1760.0,1760.0,1760.0,773
2025-08-08 16:30:00+00:00,1757.0799560546875,1757.0799560546875,1757.0799560546875,1757.0799560546875,1704
2025-08-08 18:25:00+00:00,1766.2950439453125,1766.2950439453125,1766.2950439453125,1766.2950439453125,982
2025-08-08 19:20:00+00:00,1778.64990234375,1778.64990234375,1778.64990234375,1778.64990234375,124
2025-08-08 19:25:00+00:00,1778.64990234375,1778.64990234375,1778.64990234375,1778.64990234375,1282
2025-08-08 19:45:00+00:00,1758.0,1758.0,1758.0,1758.0,703
2025-08-08 19:55:00+00:00,1753.1400146484375,1755.3599853515625,1752.4599609375,1755.3599853515625,3761
2025-08-11 13:35:00+00:00,1756.0,1756.0,1756.0,1756.0,2808
2025-08-11 13:55:00+00:00,1744.0,1744.0,1744.0,1744.0,845
2025-08-11 14:05:00+00:00,1749.75,1749.75,1747.0374755859375,1747.0374755859375,980
2025-08-11 14:15:00+00:00,1751.0,1751.0,1751.0,1751.0,642
2025-08-11 14:25:00+00:00,1757.0,1757.0,1757.0,1757.0,103
2025-08-11 14:30:00+00:00,1757.0,1757.0,1757.0,1757.0,1665
2025-08-11 15:00:00+00:00,1757.2900390625,1757.2900390625,1757.2900390625,1757.2900390625,1134
2025-08-11 15:40:00+00:00,1758.800048828125,1758.800048828125,1758.800048828125,1758.800048828125,2698
2025-08-11 16:20:00+00:00,1764.9549560546875,1764.9549560546875,1764.9549560546875,1764.9549560546875,1035
2025-08-11 16:25:00+00:00,1767.3699951171875,1767.3699951171875,1767.3699951171875,1767.3699951171875,541
2025-08-11 16:35:00+00:00,1768.9300537109375,1768.9300537109375,1768.9300537109375,1768.9300537109375,595
2025-08-11 16:40:00+00:00,1768.4625244140625,1768.8800048828125,1768.4625244140625,1768.8800048828125,532
2025-08-11 16:45:00+00:00,1772.0350341796875,1772.0350341796875,1771.2550048828125,1771.2550048828125,4741
2025-08-11 18:00:00+00:00,1757.450439453125,1757.450439453125,1757.450439453125,1757.450439453125,1022
2025-08-11 18:20:00+00:00,1759.2550048828125,1759.2550048828125,1759.2550048828125,1759.2550048828125,2658
2025-08-11 18:50:00+00:00,1765.2650146484375,1765.4100341796875,1759.0999755859375,1759.0999755859375,1100
2025-08-11 18:55:00+00:00,1765.324951171875,1765.324951171875,1765.324951171875,1765.324951171875,703
2025-08-11 19:20:00+00:00,1768.594970703125,1768.594970703125,1768.594970703125,1768.594970703125,2599
2025-08-11 19:30:00+00:00,1782.0,1782.0,1782.0,1782.0,1758
2025-08-11 19:50:00+00:00,1778.875,1778.875,1778.875,1778.875,933
2025-08-11 19:55:00+00:00,1791.1800537109375,1791.1800537109375,1780.949951171875,1780.949951171875,6122
2025-08-12 14:00:00+00:00,1784.0,1786.7850341796875,1779.0,1786.7850341796875,3669
2025-08-12 14:05:00+00:00,1785.0,1785.0,1785.0,1785.0,1191
2025-08-12 14:10:00+00:00,1779.6600341796875,1779.6600341796875,1779.6600341796875,1779.6600341796875,622
2025-08-12 14:15:00+00:00,1780.1600341796875,1780.1600341796875,1780.1600341796875,1780.1600341796875,1740
2025-08-12 15:05:00+00:00,1797.3900146484375,1797.3900146484375,1797.3900146484375,1797.3900146484375,421
2025-08-12 15:10:00+00:00,1795.0,1799.0,1795.0,1795.0,2217
2025-08-12 15:25:00+00:00,1793.93994140625,1793.93994140625,1793.93994140625,1793.93994140625,595
2025-08-12 15:30:00+00:00,1798.1800537109375,1798.1800537109375,1798.1800537109375,1798.1800537109375,749
2025-08-12 16:15:00+00:00,1793.4599609375,1793.4599609375,1793.4599609375,1793.4599609375,396
2025-08-12 16:40:00+00:00,1798.7349853515625,1798.7349853515625,1798.7349853515625,1798.7349853515625,588
2025-08-12 17:10:00+00:00,1798.2850341796875,1798.2850341796875,1798.2850341796875,1798.2850341796875,453
2025-08-12 17:20:00+00:00,1799.550048828125,1799.550048828125,1799.550048828125,1799.550048828125,1058
2025-08-12 17:35:00+00:00,1800.60498046875,1800.60498046875,1800.60498046875,1800.60498046875,1420
2025-08-12 18:20:00+00:00,1803.2349853515625,1803.2349853515625,1803.2349853515625,1803.2349853515625,1917
2025-08-12 19:15:00+00:00,1815.0,1815.0,1815.0,1815.0,459
2025-08-12 19:25:00+00:00,1816.219970703125,1816.219970703125,1816.219970703125,1816.219970703125,1513
2025-08-12 19:30:00+00:00,1825.0,1825.0,1822.0999755859373,1824.0,2894
2025-08-12 19:40:00+00:00,1825.0,1825.0,1824.25244140625,1824.25244140625,1050
2025-08-12 19:50:00+00:00,1826.0,1826.0,1826.0,1826.0,1077
2025-08-12 19:55:00+00:00,1828.0250244140625,1828.0250244140625,1828.0250244140625,1828.0250244140625,1055
2025-08-13 13:40:00+00:00,1828.0,1828.0,1819.0,1819.0,2329
2025-08-13 14:15:00+00:00,1845.0,1845.0,1845.0,1845.0,541
2025-08-13 14:35:00+00:00,1850.114990234375,1850.114990234375,1850.114990234375,1850.114990234375,199
2025-08-13 14:40:00+00:00,1849.54248046875,1849.54248046875,1849.54248046875,1849.54248046875,1168
2025-08-13 15:20:00+00:00,1847.114990234375,1847.114990234375,1847.114990234375,1847.114990234375,1892
2025-08-13 16:15:00+00:00,1844.5250244140625,1844.5250244140625,1844.5250244140625,1844.5250244140625,179
2025-08-13 16:20:00+00:00,1855.905029296875,1855.905029296875,1855.905029296875,1855.905029296875,1308
2025-08-13 16:45:00+00:00,1846.1199951171875,1846.1199951171875,1846.1199951171875,1846.1199951171875,279
2025-08-13 17:05:00+00:00,1853.2049560546875,1853.2049560546875,1853.2049560546875,1853.2049560546875,219
2025-08-13 17:10:00+00:00,1846.9549560546875,1846.9549560546875,1846.9549560546875,1846.9549560546875,307
2025-08-13 17:25:00+00:00,1851.29248046875,1851.29248046875,1851.29248046875,1851.29248046875,287
2025-08-13 17:35:00+00:00,1845.2900390625,1851.2099609375,1845.2900390625,1851.2099609375,441
2025-08-13 18:05:00+00:00,1842.9649658203125,1842.9649658203125,1842.9649658203125,1842.9649658203125,401
2025-08-13 18:30:00+00:00,1840.5699462890625,1840.5699462890625,1840.5699462890625,1840.5699462890625,506
2025-08-13 18:50:00+00:00,1848.010009765625,1848.010009765625,1847.02001953125,1847.02001953125,656
2025-08-13 19:05:00+00:00,1856.2550048828125,1856.2550048828125,1851.9849853515625,1852.1600341796875,955
2025-08-13 19:15:00+00:00,1863.85498046875,1863.85498046875,1857.905029296875,1857.905029296875,1128
2025-08-13 19:30:00+00:00,1867.75,1867.75,1867.75,1867.75,183
2025-08-13 19:35:00+00:00,1870.0,1870.0,1869.885009765625,1869.885009765625,1391
2025-08-13 19:40:00+00:00,1869.512451171875,1871.1600341796875,1864.6199951171875,1864.6199951171875,1751
2025-08-13 19:50:00+00:00,1873.6400146484373,1873.6400146484373,1873.6400146484373,1873.6400146484373,1122
2025-08-13 19:55:00+00:00,1880.1099853515625,1880.1099853515625,1870.6300048828125,1872.4100341796875,2663
2025-08-14 13:30:00+00:00,1840.0,1865.0,1840.0,1865.0,1707
2025-08-14 13:40:00+00:00,1846.885009765625,1846.8900146484373,1846.885009765625,1846.885009765625,229
2025-08-14 13:45:00+00:00,1845.5,1851.5,1845.5,1851.5,344
2025-08-14 13:50:00+00:00,1853.5,1853.5,1853.5,1853.5,367
2025-08-14 14:00:00+00:00,1853.0,1853.0,1853.0,1853.0,572
2025-08-14 14:10:00+00:00,1853.0,1853.0,1849.6624755859373,1849.8575439453125,1039
2025-08-14 14:20:00+00:00,1857.5975341796875,1857.5975341796875,1857.5975341796875,1857.5975341796875,1567
2025-08-14 14:40:00+00:00,1867.4649658203125,1867.4649658203125,1867.4649658203125,1867.4649658203125,1236
2025-08-14 15:40:00+00:00,1864.3499755859373,1864.3499755859373,1864.3499755859373,1864.3499755859373,243
2025-08-14 15:45:00+00:00,1864.25,1864.25,1864.25,1864.25,693
2025-08-14 16:05:00+00:00,1859.010009765625,1862.324951171875,1859.010009765625,1861.1500244140625,723
2025-08-14 16:10:00+00:00,1847.9600830078125,1847.9600830078125,1847.9600830078125,1847.9600830078125,998
2025-08-14 16:25:00+00:00,1843.1199951171875,1843.1199951171875,1843.1199951171875,1843.1199951171875,1649
2025-08-14 16:55:00+00:00,1852.885009765625,1852.885009765625,1852.885009765625,1852.885009765625,782
2025-08-14 17:00:00+00:00,1850.85498046875,1850.85498046875,1850.85498046875,1850.85498046875,2147
2025-08-14 17:25:00+00:00,1851.0999755859373,1851.0999755859373,1851.0999755859373,1851.0999755859373,3203
2025-08-14 18:05:00+00:00,1853.405029296875,1853.405029296875,1853.405029296875,1853.405029296875,583
2025-08-14 18:45:00+00:00,1856.8900146484373,1856.8900146484373,1856.8900146484373,1856.8900146484373,283
2025-08-14 18:50:00+00:00,1854.5,1854.5,1854.5,1854.5,893
2025-08-14 19:25:00+00:00,1853.5400390625,1853.5400390625,1853.5400390625,1853.5400390625,1581
2025-08-14 19:55:00+00:00,1845.074951171875,1845.074951171875,1845.074951171875,1845.074951171875,3013
2025-08-15 13:45:00+00:00,1848.31005859375,1848.31005859375,1838.0,1838.0,1891
2025-08-15 14:00:00+00:00,1847.6300048828125,1847.6300048828125,1847.6300048828125,1847.6300048828125,1316
2025-08-15 14:10:00+00:00,1837.4449462890625,1837.4449462890625,1837.4449462890625,1837.4449462890625,349
2025-08-15 14:30:00+00:00,1841.5,1844.800048828125,1841.5,1844.800048828125,1731
2025-08-15 14:50:00+00:00,1841.5999755859373,1841.5999755859373,1841.3675537109373,1841.3675537109373,2793
2025-08-15 15:50:00+00:00,1840.260009765625,1840.260009765625,1840.260009765625,1840.260009765625,1303
2025-08-15 16:35:00+00:00,1824.3499755859373,1824.3499755859373,1824.3499755859373,1824.3499755859373,490
2025-08-15 16:45:00+00:00,1816.7850341796875,1823.0250244140625,1816.7850341796875,1823.0250244140625,1856
2025-08-15 16:50:00+00:00,1814.0,1814.0,1814.0,1814.0,1841
2025-08-15 16:55:00+00:00,1807.25,1810.0,1807.25,1810.0,4100
2025-08-15 17:00:00+00:00,1800.0,1800.0,1800.0,1800.0,2908
2025-08-15 17:10:00+00:00,1798.1099853515625,1798.1099853515625,1798.1099853515625,1798.1099853515625,191
2025-08-15 17:15:00+00:00,1796.9000244140625,1796.9000244140625,1796.9000244140625,1796.9000244140625,148
2025-08-15 17:20:00+00:00,1797.4000244140625,1797.4000244140625,1794.0999755859375,1794.0999755859375,519
2025-08-15 17:25:00+00:00,1796.550048828125,1800.469970703125,1796.31494140625,1796.31494140625,2476
2025-08-15 17:30:00+00:00,1786.1600341796875,1786.1600341796875,1786.1600341796875,1786.1600341796875,1123
2025-08-15 18:00:00+00:00,1794.25,1806.869873046875,1794.25,1806.869873046875,1762
2025-08-15 18:20:00+00:00,1795.8699951171875,1795.8699951171875,1795.8699951171875,1795.8699951171875,2720
2025-08-15 19:50:00+00:00,1770.300048828125,1776.7349853515625,1762.7099609375,1774.449951171875,4033
2025-08-15 19:55:00+00:00,1763.0799560546875,1765.60498046875,1763.0799560546875,1765.010009765625,3368
2025-08-18 13:35:00+00:00,1775.0,1775.0,1775.0,1775.0,2821
2025-08-18 14:35:00+00:00,1771.0,1779.0150146484375,1771.0,1779.0150146484375,2000
2025-08-18 14:40:00+00:00,1774.989990234375,1774.989990234375,1774.989990234375,1774.989990234375,1019
2025-08-18 14:55:00+00:00,1771.8050537109375,1774.93994140625,1771.8050537109375,1774.93994140625,2052
2025-08-18 15:00:00+00:00,1771.550048828125,1772.2950439453125,1770.0,1771.0,6154
2025-08-18 15:45:00+00:00,1766.0,1766.0,1766.0,1766.0,1868
2025-08-18 17:00:00+00:00,1769.0799560546875,1773.8175048828125,1767.43994140625,1767.43994140625,6298
2025-08-18 17:50:00+00:00,1768.969970703125,1768.969970703125,1768.969970703125,1768.969970703125,337
2025-08-18 18:00:00+00:00,1763.0799560546875,1763.0799560546875,1763.0799560546875,1763.0799560546875,223
2025-08-18 18:15:00+00:00,1761.18994140625,1761.18994140625,1761.18994140625,1761.18994140625,1546
2025-08-18 19:20:00+00:00,1758.675048828125,1758.675048828125,1758.675048828125,1758.675048828125,299
2025-08-18 19:35:00+00:00,1763.0,1763.0,1763.0,1763.0,728
2025-08-18 19:55:00+00:00,1763.0,1763.0,1763.0,1763.0,1876
2025-08-19 14:00:00+00:00,1777.375,1777.375,1777.375,1777.375,15485
2025-08-19 15:50:00+00:00,1788.29248046875,1788.29248046875,1788.29248046875,1788.29248046875,1455
2025-08-19 16:30:00+00:00,1800.780029296875,1800.780029296875,1789.7498779296875,1789.7498779296875,2094
2025-08-19 18:05:00+00:00,1790.0,1790.0,1790.0,1790.0,2911
2025-08-19 19:15:00+00:00,1813.010009765625,1813.010009765625,1813.010009765625,1813.010009765625,779
2025-08-19 19:55:00+00:00,1813.5250244140625,1813.5250244140625,1813.5250244140625,1813.5250244140625,1033
2025-08-20 13:30:00+00:00,1809.0,1809.0,1809.0,1809.0,3190
2025-08-20 13:35:00+00:00,1820.0,1820.0,1820.0,1820.0,849
2025-08-20 13:45:00+00:00,1835.0999755859373,1835.0999755859373,1835.0999755859373,1835.0999755859373,1228
2025-08-20 13:50:00+00:00,1836.0,1836.0,1836.0,1836.0,1951
2025-08-20 14:00:00+00:00,1841.2099609375,1841.2099609375,1841.2099609375,1841.2099609375,1936
2025-08-20 14:40:00+00:00,1830.0,1830.0,1830.0,1830.0,574
2025-08-20 14:55:00+00:00,1822.0,1822.0,1822.0,1822.0,998
2025-08-20 15:10:00+00:00,1827.989990234375,1828.0,1827.989990234375,1828.0,471
2025-08-20 15:15:00+00:00,1827.3199462890625,1827.3199462890625,1826.989990234375,1826.989990234375,2228
2025-08-20 16:15:00+00:00,1828.3302001953125,1828.3302001953125,1828.3302001953125,1828.3302001953125,2066
2025-08-20 17:20:00+00:00,1820.6600341796875,1820.6600341796875,1820.6600341796875,1820.6600341796875,623
2025-08-20 17:35:00+00:00,1820.1949462890625,1820.1949462890625,1820.1949462890625,1820.1949462890625,147
2025-08-20 17:40:00+00:00,1825.4998779296875,1825.4998779296875,1825.4998779296875,1825.4998779296875,3203
2025-08-20 19:55:00+00:00,1834.0400390625,1837.0,1834.0400390625,1836.31005859375,3633
2025-08-21 14:00:00+00:00,1832.3199462890625,1832.3199462890625,1832.3050537109373,1832.3050537109373,917
2025-08-21 14:05:00+00:00,1832.0,1833.0050048828125,1832.0,1833.0050048828125,2200
2025-08-21 14:55:00+00:00,1832.300048828125,1832.300048828125,1832.300048828125,1832.300048828125,463
2025-08-21 15:00:00+00:00,1832.489990234375,1833.4749755859373,1832.489990234375,1833.4749755859373,551
2025-08-21 15:05:00+00:00,1833.989990234375,1833.989990234375,1831.0,1832.5,1797
2025-08-21 15:30:00+00:00,1832.5899658203125,1832.5899658203125,1832.5899658203125,1832.5899658203125,2950
2025-08-21 17:55:00+00:00,1839.6800537109373,1839.6800537109373,1839.6800537109373,1839.6800537109373,310
2025-08-21 18:05:00+00:00,1840.0,1840.0,1840.0,1840.0,330
2025-08-21 18:10:00+00:00,1840.324951171875,1840.324951171875,1840.324951171875,1840.324951171875,1039
2025-08-21 18:50:00+00:00,1840.0,1840.0,1839.75,1840.0,580
2025-08-21 18:55:00+00:00,1840.0,1840.0,1840.0,1840.0,3794
2025-08-21 19:50:00+00:00,1847.385009765625,1847.385009765625,1847.385009765625,1847.385009765625,1131
2025-08-21 19:55:00+00:00,1841.8575439453125,1845.93505859375,1841.8575439453125,1842.5999755859373,2236
2025-08-22 14:00:00+00:00,1856.0,1856.0,1856.0,1856.0,3340
2025-08-22 14:20:00+00:00,1862.0,1862.0,1862.0,1862.0,3788
2025-08-22 14:35:00+00:00,1855.0,1855.0,1855.0,1855.0,1059
2025-08-22 14:50:00+00:00,1854.989990234375,1854.989990234375,1854.989990234375,1854.989990234375,4851
2025-08-22 17:10:00+00:00,1850.0,1850.0,1849.9599609375,1850.0,333
2025-08-22 17:20:00+00:00,1848.3699951171875,1848.3699951171875,1848.3699951171875,1848.3699951171875,472
2025-08-22 17:50:00+00:00,1855.0,1855.0,1855.0,1855.0,2821
2025-08-22 19:45:00+00:00,1860.0,1860.0,1860.0,1860.0,243
2025-08-22 19:50:00+00:00,1862.0,1862.0,1859.0,1859.0,1138
2025-08-22 19:55:00+00:00,1868.3599853515625,1868.3599853515625,1864.9000244140625,1864.9000244140625,4915
2025-08-25 13:35:00+00:00,1840.0,1840.0,1830.0,1830.0,3192
2025-08-25 13:45:00+00:00,1833.0,1833.0,1833.0,1833.0,2686
2025-08-25 14:00:00+00:00,1835.0,1835.0,1835.0,1835.0,585
2025-08-25 14:20:00+00:00,1833.655029296875,1833.655029296875,1833.655029296875,1833.655029296875,187
2025-08-25 14:25:00+00:00,1835.5999755859373,1835.5999755859373,1835.5999755859373,1835.5999755859373,3614
2025-08-25 15:00:00+00:00,1837.9549560546875,1837.9549560546875,1837.9549560546875,1837.9549560546875,6148
2025-08-25 17:45:00+00:00,1809.89501953125,1809.89501953125,1809.89501953125,1809.89501953125,304
2025-08-25 17:55:00+00:00,1810.0,1810.0,1810.0,1810.0,1587
2025-08-25 19:20:00+00:00,1826.050048828125,1826.3900146484373,1819.9599609375,1819.9599609375,1474
2025-08-25 19:50:00+00:00,1835.31005859375,1835.31005859375,1835.31005859375,1835.31005859375,851
2025-08-25 19:55:00+00:00,1829.6099853515625,1829.6099853515625,1829.6099853515625,1829.6099853515625,977
2025-08-26 13:30:00+00:00,1810.0,1810.0,1810.0,1810.0,5931
2025-08-26 14:25:00+00:00,1831.3299560546875,1831.3299560546875,1831.0,1831.0,3175
2025-08-26 15:05:00+00:00,1820.0,1820.0,1820.0,1820.0,984
2025-08-26 16:00:00+00:00,1828.2099609375,1828.2099609375,1828.2099609375,1828.2099609375,1781
2025-08-26 16:55:00+00:00,1831.300048828125,1831.300048828125,1831.300048828125,1831.300048828125,2573
2025-08-26 17:50:00+00:00,1834.1295166015625,1834.1295166015625,1834.1295166015625,1834.1295166015625,1113
2025-08-26 18:20:00+00:00,1834.64501953125,1834.64501953125,1834.64501953125,1834.64501953125,1694
2025-08-26 19:20:00+00:00,1836.2099609375,1836.2099609375,1836.2099609375,1836.2099609375,828
2025-08-26 19:35:00+00:00,1832.0,1832.0,1827.0,1827.0,1472
2025-08-26 19:45:00+00:00,1829.5050048828125,1829.5050048828125,1829.5050048828125,1829.5050048828125,244
2025-08-26 19:50:00+00:00,1834.0,1834.0,1834.0,1834.0,162
2025-08-26 19:55:00+00:00,1834.9100341796875,1834.9100341796875,1834.9100341796875,1834.9100341796875,411
2025-08-27 13:45:00+00:00,1838.135009765625,1838.135009765625,1838.135009765625,1838.135009765625,2213
2025-08-27 13:55:00+00:00,1838.81005859375,1838.81005859375,1838.81005859375,1838.81005859375,877
2025-08-27 14:00:00+00:00,1831.0,1831.0,1831.0,1831.0,1936
2025-08-27 14:25:00+00:00,1834.0,1834.0,1834.0,1834.0,1217
2025-08-27 14:30:00+00:00,1836.2099609375,1836.2099609375,1836.2099609375,1836.2099609375,498
2025-08-27 14:40:00+00:00,1836.0,1836.0,1836.0,1836.0,783
2025-08-27 14:50:00+00:00,1836.0,1836.0,1835.68994140625,1835.68994140625,1752
2025-08-27 15:00:00+00:00,1837.4000244140625,1837.4000244140625,1837.4000244140625,1837.4000244140625,376
2025-08-27 15:10:00+00:00,1836.5,1839.125,1836.5,1839.125,933
2025-08-27 15:20:00+00:00,1837.0,1837.0,1835.85498046875,1837.0,1479
2025-08-27 15:25:00+00:00,1835.8499755859373,1835.9200439453125,1835.75,1835.75,1252
2025-08-27 15:35:00+00:00,1830.1949462890625,1836.02001953125,1830.1949462890625,1836.02001953125,2423
2025-08-27 15:40:00+00:00,1824.2972412109373,1834.97998046875,1824.2972412109373,1833.010009765625,8047
2025-08-27 16:40:00+00:00,1833.3599853515625,1833.3599853515625,1833.3599853515625,1833.3599853515625,6458
2025-08-27 19:35:00+00:00,1850.8199462890625,1850.8199462890625,1850.8199462890625,1850.8199462890625,0
2025-08-27 19:55:00+00:00,1847.1700439453125,1850.260009765625,1847.1700439453125,1850.260009765625,35235
2025-08-28 13:30:00+00:00,1850.0,1850.0,1850.0,1850.0,3076
2025-08-28 13:45:00+00:00,1822.0,1822.0,1822.0,1822.0,1634
2025-08-28 13:55:00+00:00,1835.0,1835.0,1835.0,1835.0,987
2025-08-28 14:00:00+00:00,1830.199951171875,1830.199951171875,1830.199951171875,1830.199951171875,301
2025-08-28 14:05:00+00:00,1825.0,1827.0,1825.0,1827.0,13755
2025-08-28 19:45:00+00:00,1823.0,1825.25,1823.0,1825.25,454
2025-08-28 19:50:00+00:00,1823.25,1823.25,1823.25,1823.25,945
2025-08-28 19:55:00+00:00,1822.800048828125,1822.800048828125,1822.800048828125,1822.800048828125,1557
2025-08-29 15:45:00+00:00,1837.0,1837.0,1837.0,1837.0,8783
2025-08-29 15:55:00+00:00,1839.31005859375,1839.31005859375,1839.31005859375,1839.31005859375,4735
2025-09-02 13:30:00+00:00,1804.0,1815.0,1804.0,1815.0,3385
2025-09-02 13:40:00+00:00,1813.0,1813.0,1813.0,1813.0,876
2025-09-02 13:45:00+00:00,1824.760009765625,1824.760009765625,1824.760009765625,1824.760009765625,7569
2025-09-02 15:35:00+00:00,1832.449951171875,1832.449951171875,1832.449951171875,1832.449951171875,157
2025-09-02 15:40:00+00:00,1832.7750244140625,1832.7750244140625,1832.7750244140625,1832.7750244140625,521
2025-09-02 15:50:00+00:00,1821.860107421875,1821.860107421875,1821.860107421875,1821.860107421875,2281
2025-09-02 17:45:00+00:00,1837.114990234375,1837.114990234375,1837.114990234375,1837.114990234375,1528
2025-09-02 18:30:00+00:00,1835.5,1835.5,1835.5,1835.5,856
2025-09-02 19:10:00+00:00,1838.06005859375,1838.06005859375,1838.06005859375,1838.06005859375,1468
2025-09-02 19:50:00+00:00,1836.43505859375,1842.0799560546875,1836.43505859375,1842.0799560546875,1602
2025-09-02 19:55:00+00:00,1835.5849609375,1835.5849609375,1835.5849609375,1835.5849609375,671
2025-09-03 13:30:00+00:00,1796.0,1796.0,1795.0,1795.0,3118
2025-09-03 14:00:00+00:00,1816.7650146484373,1818.8349609375,1816.7650146484373,1818.8349609375,1893
2025-09-03 14:30:00+00:00,1819.68994140625,1819.68994140625,1819.68994140625,1819.68994140625,1141
2025-09-03 14:50:00+00:00,1805.0,1805.0,1805.0,1805.0,1090
2025-09-03 15:10:00+00:00,1808.8199462890625,1808.8199462890625,1808.8199462890625,1808.8199462890625,344
2025-09-03 15:20:00+00:00,1806.280029296875,1806.280029296875,1806.280029296875,1806.280029296875,5905
2025-09-03 17:10:00+00:00,1784.1400146484375,1785.68994140625,1778.9200439453125,1778.9200439453125,4389
2025-09-03 17:25:00+00:00,1787.114990234375,1787.114990234375,1787.114990234375,1787.114990234375,278
2025-09-03 17:35:00+00:00,1787.0999755859375,1787.0999755859375,1787.0999755859375,1787.0999755859375,614
2025-09-03 18:00:00+00:00,1782.72998046875,1782.72998046875,1782.72998046875,1782.72998046875,295
2025-09-03 18:05:00+00:00,1781.4649658203125,1781.4649658203125,1781.4649658203125,1781.4649658203125,1247
2025-09-03 18:20:00+00:00,1781.9100341796875,1781.9100341796875,1781.9100341796875,1781.9100341796875,371
2025-09-03 18:35:00+00:00,1776.469970703125,1776.469970703125,1776.469970703125,1776.469970703125,3422
2025-09-03 19:30:00+00:00,1766.3599853515625,1766.3599853515625,1763.9200439453125,1763.9200439453125,2661
2025-09-03 19:40:00+00:00,1772.3199462890625,1772.3199462890625,1772.3199462890625,1772.3199462890625,323
2025-09-03 19:45:00+00:00,1771.7099609375,1771.7099609375,1771.7099609375,1771.7099609375,226
2025-09-03 19:55:00+00:00,1769.1800537109375,1769.3499755859375,1769.1800537109375,1769.3499755859375,2777
2025-09-04 13:30:00+00:00,1772.52001953125,1772.52001953125,1772.52001953125,1772.52001953125,1189
2025-09-04 13:35:00+00:00,1768.0,1769.0,1768.0,1769.0,1695
2025-09-04 13:40:00+00:00,1767.1500244140625,1767.1500244140625,1767.1500244140625,1767.1500244140625,1624
2025-09-04 14:15:00+00:00,1778.0999755859375,1778.0999755859375,1778.0999755859375,1778.0999755859375,814
2025-09-04 14:25:00+00:00,1780.4649658203125,1780.4649658203125,1780.3599853515625,1780.3599853515625,1267
2025-09-04 14:35:00+00:00,1769.0,1769.0,1769.0,1769.0,1019
2025-09-04 14:40:00+00:00,1768.0,1768.0,1768.0,1768.0,1229
2025-09-04 14:55:00+00:00,1772.47998046875,1772.47998046875,1772.47998046875,1772.47998046875,2281
2025-09-04 16:55:00+00:00,1779.43994140625,1779.43994140625,1779.43994140625,1779.43994140625,547
2025-09-04 17:00:00+00:00,1782.56005859375,1782.56005859375,1782.56005859375,1782.56005859375,1769
2025-09-04 17:20:00+00:00,1784.760009765625,1784.760009765625,1784.760009765625,1784.760009765625,1673
2025-09-04 18:30:00+00:00,1781.0699462890625,1781.0699462890625,1781.0699462890625,1781.0699462890625,1254
2025-09-04 19:05:00+00:00,1785.97998046875,1785.97998046875,1785.97998046875,1785.97998046875,1187
2025-09-04 19:20:00+00:00,1790.6624755859375,1790.6624755859375,1790.6624755859375,1790.6624755859375,661
2025-09-04 19:25:00+00:00,1791.219970703125,1792.5999755859375,1791.219970703125,1792.5999755859375,2621
2025-09-04 19:55:00+00:00,1799.7099609375,1799.7099609375,1799.7099609375,1799.7099609375,3063
2025-09-05 13:30:00+00:00,1816.0,1816.0,1792.0,1797.6700439453125,2426
2025-09-05 13:40:00+00:00,1792.0,1805.0,1792.0,1805.0,8194
2025-09-05 15:40:00+00:00,1794.2750244140625,1794.2750244140625,1794.2750244140625,1794.2750244140625,2475
2025-09-05 17:25:00+00:00,1798.550048828125,1798.550048828125,1798.550048828125,1798.550048828125,3799
2025-09-08 13:35:00+00:00,1800.0,1800.0,1785.0,1785.0,1435
2025-09-08 13:40:00+00:00,1782.0,1782.0,1782.0,1782.0,3594
2025-09-08 14:40:00+00:00,1766.0,1766.199951171875,1766.0,1766.199951171875,2392
2025-09-08 15:00:00+00:00,1767.550048828125,1767.550048828125,1766.300048828125,1766.300048828125,2146
2025-09-08 15:15:00+00:00,1764.0,1764.0,1764.0,1764.0,258
2025-09-08 15:20:00+00:00,1766.0,1766.0,1766.0,1766.0,1666
2025-09-08 16:10:00+00:00,1766.719970703125,1766.719970703125,1766.719970703125,1766.719970703125,2106
2025-09-08 16:55:00+00:00,1750.0,1750.0,1750.0,1750.0,763
2025-09-08 17:05:00+00:00,1750.8199462890625,1750.8199462890625,1750.8199462890625,1750.8199462890625,1333
2025-09-08 17:35:00+00:00,1751.85498046875,1751.85498046875,1751.85498046875,1751.85498046875,440
2025-09-08 17:40:00+00:00,1749.989990234375,1749.989990234375,1749.989990234375,1749.989990234375,421
2025-09-08 17:50:00+00:00,1749.989990234375,1749.989990234375,1749.989990234375,1749.989990234375,2108
2025-09-08 18:15:00+00:00,1753.2950439453125,1753.2950439453125,1753.2950439453125,1753.2950439453125,1650
2025-09-08 18:45:00+00:00,1750.0,1750.0,1750.0,1750.0,452
2025-09-08 18:55:00+00:00,1748.75,1748.75,1748.75,1748.75,1286
2025-09-08 19:15:00+00:00,1751.9599609375,1751.9599609375,1751.9599609375,1751.9599609375,670
2025-09-08 19:30:00+00:00,1751.2049560546875,1751.2049560546875,1748.4100341796875,1749.5,2454
2025-09-08 19:45:00+00:00,1757.8299560546875,1757.8299560546875,1757.8299560546875,1757.8299560546875,491
2025-09-08 19:55:00+00:00,1766.1600341796875,1766.1600341796875,1761.949951171875,1761.949951171875,3086
2025-09-09 14:35:00+00:00,1767.1600341796875,1767.1600341796875,1767.1600341796875,1767.1600341796875,5304
2025-09-09 15:45:00+00:00,1767.0400390625,1767.0400390625,1767.0400390625,1767.0400390625,996
2025-09-09 16:20:00+00:00,1766.5350341796875,1766.5350341796875,1766.5350341796875,1766.5350341796875,798
2025-09-09 16:30:00+00:00,1764.030029296875,1764.030029296875,1762.8599853515625,1762.8599853515625,2391
2025-09-09 16:40:00+00:00,1763.25,1763.25,1763.25,1763.25,811
2025-09-09 16:50:00+00:00,1762.7099609375,1762.7099609375,1762.7099609375,1762.7099609375,1110
2025-09-09 16:55:00+00:00,1764.260009765625,1764.260009765625,1763.010009765625,1763.010009765625,2953
2025-09-09 17:00:00+00:00,1768.8599853515625,1769.260009765625,1764.3599853515625,1764.3599853515625,3701
2025-09-09 17:05:00+00:00,1768.510009765625,1769.760009765625,1767.6099853515625,1769.1600341796875,3512
2025-09-09 17:10:00+00:00,1769.7099609375,1770.56005859375,1769.06005859375,1769.06005859375,2579
2025-09-09 17:15:00+00:00,1770.510009765625,1770.510009765625,1770.510009765625,1770.510009765625,2349
2025-09-09 17:20:00+00:00,1779.2099609375,1779.2099609375,1774.760009765625,1774.760009765625,1570
2025-09-09 17:25:00+00:00,1778.7099609375,1778.7099609375,1778.2099609375,1778.4599609375,3039
2025-09-09 17:30:00+00:00,1782.3599853515625,1782.3599853515625,1781.010009765625,1781.31005859375,1821
2025-09-09 17:35:00+00:00,1782.4100341796875,1782.4100341796875,1782.4100341796875,1782.4100341796875,1239
2025-09-09 17:40:00+00:00,1782.510009765625,1782.8299560546875,1782.510009765625,1782.8299560546875,1498
2025-09-09 17:45:00+00:00,1785.010009765625,1787.7950439453125,1785.010009765625,1786.030029296875,1646
2025-09-09 17:50:00+00:00,1788.260009765625,1788.260009765625,1782.760009765625,1785.260009765625,3752
2025-09-09 17:55:00+00:00,1787.760009765625,1790.260009765625,1787.510009765625,1787.510009765625,3628
2025-09-09 18:00:00+00:00,1786.260009765625,1787.510009765625,1786.260009765625,1787.010009765625,3018
2025-09-09 18:15:00+00:00,1787.760009765625,1787.760009765625,1787.760009765625,1787.760009765625,555
2025-09-09 18:20:00+00:00,1789.760009765625,1789.760009765625,1787.510009765625,1787.510009765625,1614
2025-09-09 18:25:00+00:00,1789.949951171875,1790.030029296875,1789.949951171875,1790.030029296875,364
2025-09-09 18:30:00+00:00,1791.6600341796875,1791.760009765625,1791.010009765625,1791.010009765625,1602
2025-09-09 18:35:00+00:00,1792.1099853515625,1792.760009765625,1791.1600341796875,1791.1600341796875,3188
2025-09-09 18:45:00+00:00,1794.8599853515625,1794.8599853515625,1792.81005859375,1792.81005859375,1519
2025-09-09 18:50:00+00:00,1799.31005859375,1799.31005859375,1795.4100341796875,1795.4100341796875,1761
2025-09-09 18:55:00+00:00,1799.56005859375,1799.56005859375,1796.06005859375,1796.06005859375,2127
2025-09-09 19:05:00+00:00,1800.06005859375,1800.06005859375,1799.31005859375,1799.56005859375,2909
2025-09-09 19:10:00+00:00,1796.010009765625,1798.9599609375,1795.510009765625,1798.9599609375,2532
2025-09-09 19:15:00+00:00,1797.5899658203125,1798.260009765625,1794.260009765625,1794.260009765625,6775
2025-09-09 19:20:00+00:00,1798.760009765625,1798.760009765625,1798.760009765625,1798.760009765625,3670
2025-09-09 19:55:00+00:00,1795.239990234375,1795.239990234375,1795.239990234375,1795.239990234375,2618
2025-09-10 13:30:00+00:00,1777.64501953125,1790.0,1768.0,1779.675048828125,3005
2025-09-10 13:50:00+00:00,1783.5250244140625,1783.5250244140625,1783.5250244140625,1783.5250244140625,1919
2025-09-10 15:25:00+00:00,1758.4549560546875,1760.300048828125,1758.4549560546875,1760.300048828125,1191
2025-09-10 15:35:00+00:00,1757.219970703125,1757.219970703125,1757.219970703125,1757.219970703125,1425
2025-09-10 15:45:00+00:00,1752.875,1752.875,1752.875,1752.875,731
2025-09-10 16:15:00+00:00,1760.5875244140625,1760.5875244140625,1760.5875244140625,1760.5875244140625,1603
2025-09-10 17:05:00+00:00,1765.469970703125,1765.469970703125,1765.469970703125,1765.469970703125,453
2025-09-10 17:25:00+00:00,1761.9324951171875,1761.9324951171875,1761.9324951171875,1761.9324951171875,396
2025-09-10 17:40:00+00:00,1765.02001953125,1765.02001953125,1765.02001953125,1765.02001953125,315
2025-09-10 17:45:00+00:00,1762.280029296875,1762.280029296875,1762.280029296875,1762.280029296875,511
2025-09-10 17:55:00+00:00,1765.4300537109375,1765.4300537109375,1760.9300537109375,1763.9300537109375,1661
2025-09-10 18:00:00+00:00,1761.9300537109375,1763.1800537109375,1760.8800048828125,1761.9300537109375,1797
2025-09-10 18:05:00+00:00,1762.1800537109375,1762.1800537109375,1761.4300537109375,1761.4300537109375,411
2025-09-10 18:10:00+00:00,1760.6800537109375,1762.6800537109375,1760.1800537109375,1762.6800537109375,2428
2025-09-10 18:15:00+00:00,1755.6800537109375,1756.4300537109375,1755.4300537109375,1756.4300537109375,1685
2025-09-10 18:20:00+00:00,1757.4300537109375,1757.4300537109375,1755.4300537109375,1755.4300537109375,1094
2025-09-10 18:25:00+00:00,1754.9300537109375,1756.9300537109375,1752.9300537109375,1756.6800537109375,2959
2025-09-10 18:30:00+00:00,1755.6800537109375,1755.6800537109375,1754.9300537109375,1754.9300537109375,2153
2025-09-10 18:40:00+00:00,1761.0,1761.0,1760.0,1760.0,792
2025-09-10 18:45:00+00:00,1762.8642578125,1762.8642578125,1760.75,1760.75,1784
2025-09-10 19:15:00+00:00,1756.739990234375,1756.739990234375,1756.739990234375,1756.739990234375,1788
2025-09-10 19:45:00+00:00,1757.5,1757.5,1756.2900390625,1756.2900390625,751
2025-09-10 19:50:00+00:00,1762.06005859375,1763.0400390625,1762.06005859375,1763.0400390625,1311
2025-09-10 19:55:00+00:00,1761.0400390625,1761.6700439453125,1761.0400390625,1761.6700439453125,1940
2025-09-11 13:30:00+00:00,1752.0,1752.0,1752.0,1752.0,1184
2025-09-11 13:35:00+00:00,1752.0,1752.0,1752.0,1752.0,2378
2025-09-11 13:45:00+00:00,1758.06005859375,1758.06005859375,1758.06005859375,1758.06005859375,2455
2025-09-11 14:15:00+00:00,1755.0,1755.0,1755.0,1755.0,522
2025-09-11 14:40:00+00:00,1761.0,1761.0,1759.25,1759.25,2749
2025-09-11 15:00:00+00:00,1764.709716796875,1764.709716796875,1762.0,1762.0,5218
2025-09-11 15:25:00+00:00,1760.010009765625,1760.010009765625,1760.010009765625,1760.010009765625,3334
2025-09-11 16:05:00+00:00,1754.0,1754.0,1753.010009765625,1753.010009765625,927
2025-09-11 16:15:00+00:00,1755.050048828125,1755.050048828125,1755.050048828125,1755.050048828125,987
2025-09-11 16:45:00+00:00,1756.9649658203125,1756.9649658203125,1756.9649658203125,1756.9649658203125,4704
2025-09-11 18:55:00+00:00,1757.97998046875,1763.179931640625,1757.97998046875,1763.179931640625,1061
2025-09-11 19:05:00+00:00,1760.9200439453125,1760.9200439453125,1760.9200439453125,1760.9200439453125,1055
2025-09-11 19:30:00+00:00,1765.9200439453125,1765.9200439453125,1765.9200439453125,1765.9200439453125,1069
2025-09-11 19:45:00+00:00,1765.9200439453125,1765.9200439453125,1765.9200439453125,1765.9200439453125,203
2025-09-11 19:55:00+00:00,1772.699951171875,1773.43994140625,1772.699951171875,1773.43994140625,3434
2025-09-12 14:35:00+00:00,1768.56005859375,1768.56005859375,1765.0,1765.0,7014
2025-09-12 16:55:00+00:00,1774.02001953125,1774.02001953125,1774.02001953125,1774.02001953125,3404
2025-09-12 17:25:00+00:00,1785.7650146484375,1785.7650146484375,1785.7650146484375,1785.7650146484375,3192
2025-09-12 19:00:00+00:00,1770.1500244140625,1770.6099853515625,1770.1500244140625,1770.6099853515625,6418
2025-09-12 19:25:00+00:00,1772.4000244140625,1772.4000244140625,1772.4000244140625,1772.4000244140625,589
2025-09-12 19:30:00+00:00,1769.6500244140625,1769.6500244140625,1769.6500244140625,1769.6500244140625,948
2025-09-12 19:55:00+00:00,1762.81005859375,1763.0400390625,1762.81005859375,1763.0400390625,2724
2025-09-15 13:30:00+00:00,1760.407470703125,1772.0,1760.0,1760.0,2406
2025-09-15 13:35:00+00:00,1764.4300537109375,1764.4300537109375,1764.4300537109375,1764.4300537109375,419
2025-09-15 14:00:00+00:00,1758.1199951171875,1758.1199951171875,1757.0,1757.0,994
2025-09-15 14:10:00+00:00,1758.6700439453125,1758.6700439453125,1758.6700439453125,1758.6700439453125,1290
2025-09-15 14:30:00+00:00,1757.280029296875,1757.280029296875,1757.280029296875,1757.280029296875,1595
2025-09-15 14:35:00+00:00,1761.3199462890625,1761.3199462890625,1761.3199462890625,1761.3199462890625,1519
2025-09-15 14:40:00+00:00,1761.4224853515625,1761.4224853515625,1761.4224853515625,1761.4224853515625,925
2025-09-15 15:00:00+00:00,1761.6025390625,1761.6025390625,1761.6025390625,1761.6025390625,2146
2025-09-15 15:25:00+00:00,1754.9599609375,1759.655029296875,1754.9599609375,1759.655029296875,877
2025-09-15 15:30:00+00:00,1751.800048828125,1752.0,1751.800048828125,1752.0,1526
2025-09-15 15:45:00+00:00,1749.1500244140625,1749.1500244140625,1749.1500244140625,1749.1500244140625,617
2025-09-15 15:50:00+00:00,1746.217529296875,1748.75,1746.217529296875,1748.75,430
2025-09-15 15:55:00+00:00,1751.0,1751.0,1751.0,1751.0,3188
2025-09-15 17:35:00+00:00,1744.25,1744.25,1744.25,1744.25,2899
2025-09-15 17:45:00+00:00,1747.510009765625,1747.510009765625,1747.510009765625,1747.510009765625,8739
2025-09-15 19:05:00+00:00,1717.3050537109375,1720.1400146484375,1717.3050537109375,1718.3900146484375,1877
2025-09-15 19:25:00+00:00,1714.39501953125,1714.39501953125,1711.282470703125,1711.4749755859375,1343
2025-09-15 19:30:00+00:00,1715.9549560546875,1715.9549560546875,1714.39501953125,1714.39501953125,1071
2025-09-15 19:55:00+00:00,1714.1300048828125,1714.1300048828125,1713.425048828125,1713.425048828125,3990
2025-09-16 13:30:00+00:00,1710.0,1712.780029296875,1710.0,1712.780029296875,1322
2025-09-16 13:40:00+00:00,1715.0,1715.0,1712.1700439453125,1712.1700439453125,845
2025-09-16 13:45:00+00:00,1704.0,1704.0,1704.0,1704.0,881
2025-09-16 14:05:00+00:00,1708.719970703125,1708.719970703125,1708.719970703125,1708.719970703125,132
2025-09-16 14:10:00+00:00,1705.7950439453125,1705.7950439453125,1705.7950439453125,1705.7950439453125,2839
2025-09-16 14:25:00+00:00,1700.0,1700.0,1700.0,1700.0,1655
2025-09-16 14:40:00+00:00,1706.6624755859375,1706.6624755859375,1706.6624755859375,1706.6624755859375,558
2025-09-16 14:55:00+00:00,1707.0,1707.0,1707.0,1707.0,4452
2025-09-16 15:40:00+00:00,1710.324951171875,1710.324951171875,1710.324951171875,1710.324951171875,2261
2025-09-16 17:05:00+00:00,1707.280029296875,1707.280029296875,1707.280029296875,1707.280029296875,355
2025-09-16 17:10:00+00:00,1711.0,1711.0,1707.074951171875,1708.0,7020
2025-09-16 19:25:00+00:00,1713.969970703125,1713.969970703125,1713.969970703125,1713.969970703125,1472
2025-09-16 19:40:00+00:00,1715.5999755859375,1715.5999755859375,1715.5999755859375,1715.5999755859375,307
2025-09-16 19:45:00+00:00,1716.449951171875,1718.5,1716.449951171875,1718.5,1079
2025-09-16 19:50:00+00:00,1719.4000244140625,1719.4000244140625,1718.6500244140625,1719.4000244140625,1576
2025-09-17 13:40:00+00:00,1719.6925048828125,1724.0,1716.0,1724.0,4329
2025-09-17 13:45:00+00:00,1728.4749755859375,1728.4749755859375,1728.4749755859375,1728.4749755859375,1084
2025-09-17 14:15:00+00:00,1722.9449462890625,1727.8800048828125,1721.969970703125,1721.969970703125,1351
2025-09-17 14:30:00+00:00,1718.2049560546875,1718.2049560546875,1714.0,1714.0,476
2025-09-17 14:35:00+00:00,1719.199951171875,1719.199951171875,1719.199951171875,1719.199951171875,445
2025-09-17 14:45:00+00:00,1721.0,1721.0,1721.0,1721.0,1293
2025-09-17 15:20:00+00:00,1716.3349609375,1716.3349609375,1716.3349609375,1716.3349609375,2586
2025-09-17 16:55:00+00:00,1711.3924560546875,1711.3924560546875,1711.3924560546875,1711.3924560546875,286
2025-09-17 17:05:00+00:00,1713.0296630859375,1714.1500244140625,1713.0296630859375,1714.1500244140625,843
2025-09-17 17:35:00+00:00,1712.2650146484375,1712.2650146484375,1712.2650146484375,1712.2650146484375,3021
2025-09-17 18:40:00+00:00,1720.06005859375,1720.06005859375,1720.06005859375,1720.06005859375,563
2025-09-17 18:50:00+00:00,1712.0,1712.0,1711.6600341796875,1711.6600341796875,926
2025-09-17 18:55:00+00:00,1716.1099853515625,1716.1099853515625,1716.1099853515625,1716.1099853515625,1215
2025-09-17 19:00:00+00:00,1716.010009765625,1716.010009765625,1716.010009765625,1716.010009765625,1276
2025-09-17 19:10:00+00:00,1714.989990234375,1714.989990234375,1714.989990234375,1714.989990234375,257
2025-09-17 19:15:00+00:00,1717.8399658203125,1717.8399658203125,1717.1500244140625,1717.1500244140625,1142
2025-09-17 19:25:00+00:00,1717.7149658203125,1717.7149658203125,1717.7149658203125,1717.7149658203125,1083
2025-09-17 19:45:00+00:00,1720.0,1720.5849609375,1715.25,1715.7950439453125,1565
2025-09-17 19:50:00+00:00,1721.5,1721.5,1721.0,1721.0,682
2025-09-17 19:55:00+00:00,1722.3349609375,1722.3349609375,1722.3349609375,1722.3349609375,1184
2025-09-18 13:30:00+00:00,1720.0,1721.0,1715.0,1721.0,1287
2025-09-18 13:35:00+00:00,1723.489990234375,1723.489990234375,1723.489990234375,1723.489990234375,3978
2025-09-18 13:55:00+00:00,1727.5,1727.5,1727.5,1727.5,407
2025-09-18 14:00:00+00:00,1731.0,1731.3199462890625,1731.0,1731.3199462890625,274
2025-09-18 14:05:00+00:00,1735.0,1735.0,1735.0,1735.0,509
2025-09-18 14:10:00+00:00,1734.030029296875,1736.0,1734.030029296875,1736.0,982
2025-09-18 14:15:00+00:00,1730.9849853515625,1730.9849853515625,1730.9849853515625,1730.9849853515625,8198
2025-09-18 15:55:00+00:00,1735.9000244140625,1735.9000244140625,1735.9000244140625,1735.9000244140625,466
2025-09-18 16:05:00+00:00,1740.0,1740.0,1740.0,1740.0,937
2025-09-18 16:30:00+00:00,1749.9000244140625,1749.9000244140625,1749.9000244140625,1749.9000244140625,4929
2025-09-18 18:05:00+00:00,1760.7099609375,1760.7099609375,1760.7099609375,1760.7099609375,2667
2025-09-18 19:35:00+00:00,1752.3900146484375,1752.3900146484375,1752.3900146484375,1752.3900146484375,873
2025-09-18 19:40:00+00:00,1752.8599853515625,1752.8599853515625,1752.8599853515625,1752.8599853515625,604
2025-09-18 19:45:00+00:00,1754.0,1754.0,1754.0,1754.0,346
2025-09-18 19:55:00+00:00,1756.0,1756.0,1753.18505859375,1753.18505859375,2091
2025-09-19 13:30:00+00:00,1751.3499755859375,1751.3499755859375,1751.3499755859375,1751.3499755859375,970
2025-09-19 13:35:00+00:00,1750.0,1750.0,1735.0,1735.0,2054
2025-09-19 13:40:00+00:00,1751.6099853515625,1751.6099853515625,1751.6099853515625,1751.6099853515625,1281
2025-09-19 13:50:00+00:00,1752.6099853515625,1752.6099853515625,1752.6099853515625,1752.6099853515625,1709
2025-09-19 14:00:00+00:00,1750.0,1750.0,1750.0,1750.0,4899
2025-09-19 14:30:00+00:00,1753.0,1753.0,1753.0,1753.0,2454
2025-09-19 14:35:00+00:00,1750.0,1750.0,1750.0,1750.0,2295
2025-09-19 14:55:00+00:00,1755.0,1755.0,1755.0,1755.0,2864
2025-09-19 15:40:00+00:00,1757.760009765625,1757.760009765625,1754.6800537109375,1754.6800537109375,3816
2025-09-19 16:05:00+00:00,1762.02001953125,1762.02001953125,1762.02001953125,1762.02001953125,1578
2025-09-19 17:25:00+00:00,1762.739990234375,1762.739990234375,1762.739990234375,1762.739990234375,1773
2025-09-19 18:35:00+00:00,1762.43505859375,1762.43505859375,1762.43505859375,1762.43505859375,1098
2025-09-19 18:55:00+00:00,1766.9200439453125,1766.9200439453125,1766.9200439453125,1766.9200439453125,966
2025-09-19 19:10:00+00:00,1765.6300048828125,1765.6300048828125,1765.6300048828125,1765.6300048828125,1231
2025-09-19 19:45:00+00:00,1775.219970703125,1775.219970703125,1775.219970703125,1775.219970703125,273
2025-09-19 19:55:00+00:00,1770.489990234375,1776.2149658203125,1770.489990234375,1773.06005859375,3533
2025-09-22 13:40:00+00:00,1761.9599609375,1761.9599609375,1755.2850341796875,1760.0,2463
2025-09-22 13:45:00+00:00,1766.0,1766.0,1766.0,1766.0,1770
2025-09-22 14:05:00+00:00,1758.0,1758.0,1758.0,1758.0,2226
2025-09-22 14:20:00+00:00,1753.0,1753.0,1753.0,1753.0,827
2025-09-22 14:25:00+00:00,1753.7750244140625,1753.7750244140625,1753.7750244140625,1753.7750244140625,3108
2025-09-22 15:00:00+00:00,1750.93994140625,1750.93994140625,1750.93994140625,1750.93994140625,289
2025-09-22 15:10:00+00:00,1750.0,1750.0,1749.6700439453125,1749.6700439453125,969
2025-09-22 15:20:00+00:00,1752.282470703125,1752.5625,1752.282470703125,1752.5625,303
2025-09-22 15:25:00+00:00,1752.3824462890625,1752.3824462890625,1752.3824462890625,1752.3824462890625,489
2025-09-22 15:40:00+00:00,1750.0,1750.0,1750.0,1750.0,2051
2025-09-22 16:10:00+00:00,1751.5,1751.5,1750.010009765625,1750.010009765625,1368
2025-09-22 16:15:00+00:00,1749.97998046875,1750.0,1749.9599609375,1749.97998046875,1060
2025-09-22 16:20:00+00:00,1749.97998046875,1749.97998046875,1749.97998046875,1749.97998046875,1094
2025-09-22 17:15:00+00:00,1756.260009765625,1756.260009765625,1756.260009765625,1756.260009765625,253
2025-09-22 17:20:00+00:00,1751.1903076171875,1751.1903076171875,1751.1903076171875,1751.1903076171875,3206
2025-09-22 18:40:00+00:00,1757.4300537109375,1757.9000244140625,1757.4300537109375,1757.6099853515625,1940
2025-09-22 19:05:00+00:00,1761.43994140625,1761.43994140625,1761.43994140625,1761.43994140625,1320
2025-09-22 19:25:00+00:00,1762.0350341796875,1762.0350341796875,1762.0350341796875,1762.0350341796875,438
2025-09-22 19:30:00+00:00,1766.0,1766.0,1766.0,1766.0,240
2025-09-22 19:35:00+00:00,1765.0,1765.8299560546875,1765.0,1765.8299560546875,1587
2025-09-22 19:40:00+00:00,1760.1302490234375,1760.1302490234375,1760.1302490234375,1760.1302490234375,188
2025-09-22 19:50:00+00:00,1768.0,1768.0,1768.0,1768.0,1970
2025-09-22 19:55:00+00:00,1767.780029296875,1767.780029296875,1762.0250244140625,1765.1300048828125,3515
2025-09-23 13:30:00+00:00,1764.1099853515625,1764.1099853515625,1764.1099853515625,1764.1099853515625,1388
2025-09-23 13:40:00+00:00,1762.594970703125,1768.47998046875,1762.594970703125,1765.949951171875,935
2025-09-23 13:55:00+00:00,1773.8399658203125,1776.0899658203125,1764.7449951171875,1767.5899658203125,6662
2025-09-23 14:00:00+00:00,1773.8399658203125,1774.0899658203125,1770.3399658203125,1774.0899658203125,6008
2025-09-23 14:05:00+00:00,1776.8399658203125,1781.0899658203125,1774.8399658203125,1779.8399658203125,6276
2025-09-23 14:20:00+00:00,1774.6175537109375,1774.6175537109375,1774.6175537109375,1774.6175537109375,1436
2025-09-23 14:35:00+00:00,1770.1300048828125,1770.1300048828125,1770.1300048828125,1770.1300048828125,255
2025-09-23 14:50:00+00:00,1771.8375244140625,1771.8375244140625,1771.8375244140625,1771.8375244140625,547
2025-09-23 15:00:00+00:00,1775.0,1775.0,1775.0,1775.0,2394
2025-09-23 15:20:00+00:00,1779.8175048828125,1779.8175048828125,1779.8175048828125,1779.8175048828125,665
2025-09-23 15:45:00+00:00,1775.030029296875,1775.030029296875,1775.030029296875,1775.030029296875,616
2025-09-23 15:55:00+00:00,1775.0,1775.0,1775.0,1775.0,1065
2025-09-23 16:30:00+00:00,1772.62744140625,1772.62744140625,1772.62744140625,1772.62744140625,236
2025-09-23 16:40:00+00:00,1776.0350341796875,1776.0350341796875,1776.0350341796875,1776.0350341796875,456
2025-09-23 17:10:00+00:00,1773.9425048828125,1773.9425048828125,1773.9425048828125,1773.9425048828125,605
2025-09-23 17:15:00+00:00,1776.989990234375,1776.989990234375,1776.0,1776.0,611
2025-09-23 17:35:00+00:00,1772.030029296875,1774.81005859375,1772.030029296875,1774.81005859375,933
2025-09-23 18:00:00+00:00,1769.6925048828125,1769.6925048828125,1769.6925048828125,1769.6925048828125,194
2025-09-23 18:25:00+00:00,1768.300048828125,1768.300048828125,1768.300048828125,1768.300048828125,180
2025-09-23 18:30:00+00:00,1770.5150146484375,1770.5150146484375,1770.5150146484375,1770.5150146484375,621
2025-09-23 19:20:00+00:00,1764.06494140625,1764.6949462890625,1764.06494140625,1764.6949462890625,880
2025-09-23 19:40:00+00:00,1765.29248046875,1765.29248046875,1765.29248046875,1765.29248046875,306
2025-09-23 19:45:00+00:00,1772.6800537109375,1772.6800537109375,1768.0,1768.0,649
2025-09-23 19:50:00+00:00,1767.68994140625,1767.68994140625,1767.68994140625,1767.68994140625,340
2025-09-23 19:55:00+00:00,1767.7049560546875,1767.7049560546875,1767.7049560546875,1767.7049560546875,819
2025-09-24 13:30:00+00:00,1759.0,1759.0,1759.0,1759.0,1211
2025-09-24 13:35:00+00:00,1756.0,1756.0,1756.0,1756.0,732
2025-09-24 13:40:00+00:00,1768.5999755859375,1768.5999755859375,1765.0,1765.0,1457
2025-09-24 14:15:00+00:00,1767.0400390625,1767.0400390625,1767.0400390625,1767.0400390625,1508
2025-09-24 14:35:00+00:00,1766.574951171875,1766.574951171875,1766.574951171875,1766.574951171875,2104
2025-09-24 14:50:00+00:00,1775.22998046875,1775.22998046875,1775.22998046875,1775.22998046875,2070
2025-09-24 15:20:00+00:00,1781.6500244140625,1781.6500244140625,1781.6500244140625,1781.6500244140625,2253
2025-09-24 15:25:00+00:00,1783.5,1783.5,1783.5,1783.5,562
2025-09-24 15:45:00+00:00,1783.0,1783.0,1782.5699462890625,1782.5699462890625,716
2025-09-24 15:55:00+00:00,1780.114990234375,1780.114990234375,1780.114990234375,1780.114990234375,317
2025-09-24 16:25:00+00:00,1778.3399658203125,1778.3399658203125,1778.3399658203125,1778.3399658203125,2084
2025-09-24 17:25:00+00:00,1768.7099609375,1768.7099609375,1768.7099609375,1768.7099609375,563
2025-09-24 18:00:00+00:00,1764.280029296875,1766.1199951171875,1764.280029296875,1766.1199951171875,466
2025-09-24 18:10:00+00:00,1761.260009765625,1761.260009765625,1759.364990234375,1759.364990234375,1011
2025-09-24 18:30:00+00:00,1761.1500244140625,1761.1500244140625,1761.1500244140625,1761.1500244140625,459
2025-09-24 18:45:00+00:00,1756.10498046875,1759.5,1756.10498046875,1759.5,370
2025-09-24 18:50:00+00:00,1755.699951171875,1755.699951171875,1755.699951171875,1755.699951171875,1373
2025-09-24 19:30:00+00:00,1756.02001953125,1757.1300048828125,1756.02001953125,1757.1300048828125,330
2025-09-24 19:35:00+00:00,1757.0799560546875,1757.9000244140625,1757.0799560546875,1757.9000244140625,1462
2025-09-24 19:40:00+00:00,1761.75,1761.75,1761.75,1761.75,211
2025-09-24 19:55:00+00:00,1756.9000244140625,1758.1199951171875,1756.9000244140625,1758.1199951171875,2268
2025-09-25 13:35:00+00:00,1755.0,1755.0,1755.0,1755.0,2993
2025-09-25 13:40:00+00:00,1751.8175048828125,1751.8175048828125,1751.012451171875,1751.012451171875,640
2025-09-25 13:50:00+00:00,1750.5799560546875,1750.5799560546875,1750.5799560546875,1750.5799560546875,101
2025-09-25 13:55:00+00:00,1746.875,1750.4150390625,1745.0,1750.06005859375,1587
2025-09-25 14:05:00+00:00,1750.1099853515625,1750.1099853515625,1750.1099853515625,1750.1099853515625,162
2025-09-25 14:10:00+00:00,1750.0250244140625,1750.780029296875,1750.0250244140625,1750.4200439453125,2576
2025-09-25 14:15:00+00:00,1750.405029296875,1750.405029296875,1750.405029296875,1750.405029296875,680
2025-09-25 14:20:00+00:00,1750.010009765625,1750.010009765625,1750.010009765625,1750.010009765625,831
2025-09-25 14:40:00+00:00,1740.0,1740.0,1738.699951171875,1738.699951171875,733
2025-09-25 14:45:00+00:00,1728.3575439453125,1728.3575439453125,1728.3575439453125,1728.3575439453125,1165
2025-09-25 14:55:00+00:00,1725.0,1725.0,1723.875,1723.9200439453125,1948
2025-09-25 15:05:00+00:00,1721.0,1721.0,1721.0,1721.0,923
2025-09-25 15:45:00+00:00,1715.0050048828125,1715.0050048828125,1715.0050048828125,1715.0050048828125,1386
2025-09-25 16:55:00+00:00,1709.9375,1709.9375,1709.9375,1709.9375,654
2025-09-25 17:40:00+00:00,1713.5899658203125,1713.5899658203125,1713.5899658203125,1713.5899658203125,266
2025-09-25 17:55:00+00:00,1706.7900390625,1708.0,1706.7900390625,1708.0,336
2025-09-25 18:00:00+00:00,1702.8399658203125,1702.8399658203125,1702.8399658203125,1702.8399658203125,546
2025-09-25 18:10:00+00:00,1707.4449462890625,1707.4449462890625,1707.4449462890625,1707.4449462890625,133
2025-09-25 18:15:00+00:00,1706.43994140625,1706.43994140625,1706.43994140625,1706.43994140625,522
2025-09-25 18:30:00+00:00,1706.362548828125,1706.362548828125,1706.362548828125,1706.362548828125,165
2025-09-25 18:40:00+00:00,1706.824951171875,1706.824951171875,1706.8199462890625,1706.8199462890625,468
2025-09-25 18:45:00+00:00,1707.39501953125,1707.39501953125,1706.824951171875,1706.824951171875,326
2025-09-25 18:55:00+00:00,1706.0799560546875,1708.3299560546875,1706.0799560546875,1708.3299560546875,307
2025-09-25 19:05:00+00:00,1705.1300048828125,1706.7650146484375,1705.1300048828125,1706.467529296875,732
2025-09-25 19:20:00+00:00,1701.969970703125,1702.010009765625,1700.0,1702.010009765625,1324
2025-09-25 19:35:00+00:00,1690.2900390625,1690.81005859375,1690.2900390625,1690.4200439453125,1196
2025-09-25 19:40:00+00:00,1697.375,1697.375,1690.0,1690.0,1488
2025-09-25 19:45:00+00:00,1694.6600341796875,1694.6600341796875,1694.6600341796875,1694.6600341796875,222
2025-09-25 19:55:00+00:00,1688.989990234375,1689.3399658203125,1688.989990234375,1689.3399658203125,4411
2025-09-26 13:30:00+00:00,1720.0,1731.0,1694.949951171875,1694.949951171875,4427
2025-09-26 13:35:00+00:00,1736.0,1736.0,1736.0,1736.0,1222
2025-09-26 13:40:00+00:00,1725.800048828125,1725.800048828125,1725.800048828125,1725.800048828125,998
2025-09-26 13:45:00+00:00,1725.050048828125,1725.050048828125,1720.0,1721.800048828125,3006
2025-09-26 14:10:00+00:00,1719.9000244140625,1719.9000244140625,1719.9000244140625,1719.9000244140625,146
2025-09-26 14:15:00+00:00,1719.93994140625,1720.0,1716.2550048828125,1720.0,974
2025-09-26 14:20:00+00:00,1722.699951171875,1722.699951171875,1720.0,1720.0,1106
2025-09-26 14:55:00+00:00,1722.0999755859375,1722.0999755859375,1719.739990234375,1719.739990234375,830
2025-09-26 15:05:00+00:00,1720.0,1720.0,1719.25,1719.25,948
2025-09-26 15:10:00+00:00,1723.33251953125,1723.33251953125,1723.33251953125,1723.33251953125,273
2025-09-26 15:15:00+00:00,1722.5,1722.5,1722.5,1722.5,1513
2025-09-26 15:45:00+00:00,1720.0,1720.0,1720.0,1720.0,350
2025-09-26 16:00:00+00:00,1720.0,1720.0,1720.0,1720.0,716
2025-09-26 16:25:00+00:00,1726.31005859375,1726.31005859375,1726.31005859375,1726.31005859375,363
2025-09-26 16:35:00+00:00,1725.219970703125,1725.219970703125,1725.219970703125,1725.219970703125,869
2025-09-26 16:55:00+00:00,1726.594970703125,1726.594970703125,1726.594970703125,1726.594970703125,578
2025-09-26 17:30:00+00:00,1723.9200439453125,1723.9200439453125,1723.9200439453125,1723.9200439453125,787
2025-09-26 17:55:00+00:00,1722.949951171875,1722.949951171875,1722.949951171875,1722.949951171875,1360
2025-09-26 18:50:00+00:00,1719.4000244140625,1720.0,1719.4000244140625,1720.0,926
2025-09-26 19:05:00+00:00,1716.2149658203125,1719.25,1716.0400390625,1719.25,1852
2025-09-26 19:20:00+00:00,1717.0,1717.0,1717.0,1717.0,402
2025-09-26 19:25:00+00:00,1715.6600341796875,1715.6600341796875,1715.6600341796875,1715.6600341796875,306
2025-09-26 19:30:00+00:00,1715.0,1715.0,1715.0,1715.0,318
2025-09-26 19:35:00+00:00,1716.18994140625,1716.18994140625,1716.18994140625,1716.18994140625,555
2025-09-26 19:45:00+00:00,1716.9200439453125,1716.9200439453125,1716.9200439453125,1716.9200439453125,1030
2025-09-26 19:50:00+00:00,1719.5050048828125,1719.5050048828125,1716.9200439453125,1716.9200439453125,1064
2025-09-26 19:55:00+00:00,1714.5799560546875,1715.5999755859375,1714.5799560546875,1715.3900146484375,2533
2025-09-29 13:30:00+00:00,1718.300048828125,1718.300048828125,1718.300048828125,1718.300048828125,1631
2025-09-29 13:35:00+00:00,1696.0,1696.0,1696.0,1696.0,1223
2025-09-29 13:45:00+00:00,1695.8800048828125,1696.0,1695.8800048828125,1696.0,476
2025-09-29 13:50:00+00:00,1691.907470703125,1691.907470703125,1691.907470703125,1691.907470703125,2774
2025-09-29 14:20:00+00:00,1691.0,1691.0550537109375,1691.0,1691.0550537109375,1084
2025-09-29 14:25:00+00:00,1683.489990234375,1683.5,1683.489990234375,1683.5,3042
2025-09-29 14:40:00+00:00,1679.7650146484375,1682.2900390625,1679.7650146484375,1682.2900390625,3482
2025-09-29 15:00:00+00:00,1671.9100341796875,1671.9100341796875,1671.9100341796875,1671.9100341796875,515
2025-09-29 15:20:00+00:00,1675.9300537109375,1675.9300537109375,1675.9300537109375,1675.9300537109375,311
2025-09-29 15:25:00+00:00,1675.9300537109375,1675.9300537109375,1674.5699462890625,1675.925048828125,1301
2025-09-29 15:40:00+00:00,1669.1300048828125,1674.27001953125,1669.1300048828125,1674.27001953125,1472
2025-09-29 15:45:00+00:00,1659.1650390625,1663.56494140625,1659.1650390625,1663.56494140625,1430
2025-09-29 15:50:00+00:00,1663.2049560546875,1667.06005859375,1663.2049560546875,1667.06005859375,732
2025-09-29 16:00:00+00:00,1673.739990234375,1677.780029296875,1664.0,1664.0,4726
2025-09-29 16:05:00+00:00,1682.675048828125,1682.675048828125,1674.719970703125,1679.2049560546875,3875
2025-09-29 16:10:00+00:00,1685.010009765625,1685.010009765625,1679.0450439453125,1679.0450439453125,1064
2025-09-29 16:15:00+00:00,1675.0074462890625,1679.0050048828125,1675.0074462890625,1677.7449951171875,2253
2025-09-29 16:25:00+00:00,1670.6099853515625,1673.3599853515625,1670.6099853515625,1673.3599853515625,614
2025-09-29 16:30:00+00:00,1670.60498046875,1671.1650390625,1670.60498046875,1671.1650390625,1001
2025-09-29 16:45:00+00:00,1670.0699462890625,1671.219970703125,1670.0699462890625,1671.219970703125,1120
2025-09-29 17:20:00+00:00,1669.625,1669.625,1669.625,1669.625,361
2025-09-29 17:35:00+00:00,1671.739990234375,1671.739990234375,1669.0699462890625,1669.0699462890625,572
2025-09-29 17:40:00+00:00,1664.0400390625,1664.0400390625,1664.0400390625,1664.0400390625,664
2025-09-29 17:55:00+00:00,1672.3699951171875,1672.3699951171875,1672.3699951171875,1672.3699951171875,341
2025-09-29 18:00:00+00:00,1674.6199951171875,1674.6199951171875,1674.6199951171875,1674.6199951171875,824
2025-09-29 18:05:00+00:00,1676.8399658203125,1676.8399658203125,1676.8399658203125,1676.8399658203125,294
2025-09-29 18:10:00+00:00,1678.9549560546875,1678.9549560546875,1678.9549560546875,1678.9549560546875,234
2025-09-29 18:15:00+00:00,1683.10498046875,1684.93505859375,1683.10498046875,1684.93505859375,706
2025-09-29 18:35:00+00:00,1679.68994140625,1679.68994140625,1679.68994140625,1679.68994140625,2314
2025-09-29 19:10:00+00:00,1673.3499755859375,1673.3499755859375,1673.3499755859375,1673.3499755859375,1264
2025-09-29 19:35:00+00:00,1679.31494140625,1679.31494140625,1679.31494140625,1679.31494140625,594
2025-09-29 19:40:00+00:00,1684.0196533203125,1684.0196533203125,1684.0196533203125,1684.0196533203125,178
2025-09-29 19:45:00+00:00,1679.4849853515625,1679.4849853515625,1679.4849853515625,1679.4849853515625,620
2025-09-29 19:50:00+00:00,1682.8399658203125,1682.8399658203125,1682.4100341796875,1682.8399658203125,1062
2025-09-30 13:30:00+00:00,1663.7099609375,1663.7099609375,1663.7099609375,1663.7099609375,1438
2025-09-30 13:35:00+00:00,1677.3349609375,1677.3349609375,1677.3349609375,1677.3349609375,442
2025-09-30 13:40:00+00:00,1673.2550048828125,1673.2550048828125,1670.35498046875,1670.35498046875,796
2025-09-30 13:50:00+00:00,1678.8299560546875,1678.8299560546875,1678.8299560546875,1678.8299560546875,947
2025-09-30 13:55:00+00:00,1670.1199951171875,1673.925048828125,1665.68505859375,1672.12744140625,6716
2025-09-30 14:00:00+00:00,1672.1624755859375,1674.6800537109375,1667.08251953125,1667.08251953125,3500
2025-09-30 14:05:00+00:00,1673.280029296875,1675.18994140625,1671.8299560546875,1675.18994140625,1510
2025-09-30 14:10:00+00:00,1674.947509765625,1674.947509765625,1674.6925048828125,1674.6925048828125,844
2025-09-30 14:15:00+00:00,1671.0799560546875,1675.1824951171875,1671.0799560546875,1675.1824951171875,1520
2025-09-30 14:55:00+00:00,1676.239990234375,1676.239990234375,1676.239990234375,1676.239990234375,1123
2025-09-30 15:40:00+00:00,1676.97998046875,1676.97998046875,1676.97998046875,1676.97998046875,411
2025-09-30 15:55:00+00:00,1678.8800048828125,1678.8800048828125,1678.8800048828125,1678.8800048828125,357
2025-09-30 16:10:00+00:00,1677.6800537109375,1677.6800537109375,1677.6800537109375,1677.6800537109375,187
2025-09-30 16:20:00+00:00,1677.6800537109375,1677.6800537109375,1677.6800537109375,1677.6800537109375,861
2025-09-30 16:50:00+00:00,1673.8050537109375,1673.8050537109375,1673.8050537109375,1673.8050537109375,383
2025-09-30 17:10:00+00:00,1670.219970703125,1670.219970703125,1670.219970703125,1670.219970703125,186
2025-09-30 17:15:00+00:00,1668.93505859375,1668.93505859375,1668.93505859375,1668.93505859375,436
2025-09-30 17:40:00+00:00,1671.592529296875,1671.592529296875,1671.592529296875,1671.592529296875,638
2025-09-30 18:05:00+00:00,1674.18505859375,1674.18505859375,1674.18505859375,1674.18505859375,394
2025-09-30 18:30:00+00:00,1673.7950439453125,1673.7950439453125,1673.7950439453125,1673.7950439453125,270
2025-09-30 18:45:00+00:00,1671.3699951171875,1671.3699951171875,1671.3699951171875,1671.3699951171875,322
2025-09-30 19:00:00+00:00,1674.0350341796875,1674.0350341796875,1674.0350341796875,1674.0350341796875,412
2025-09-30 19:20:00+00:00,1673.675048828125,1673.675048828125,1673.675048828125,1673.675048828125,503
2025-09-30 19:25:00+00:00,1673.074951171875,1673.574951171875,1673.074951171875,1673.574951171875,847
2025-09-30 19:30:00+00:00,1672.4599609375,1672.4599609375,1669.7099609375,1669.7099609375,1249
2025-09-30 19:45:00+00:00,1674.864990234375,1674.864990234375,1670.43994140625,1670.43994140625,1458
2025-09-30 19:50:00+00:00,1675.4000244140625,1675.4000244140625,1675.4000244140625,1675.4000244140625,1381
2025-09-30 19:55:00+00:00,1673.5999755859375,1673.5999755859375,1672.4200439453125,1672.4200439453125,1757
2025-10-01 13:30:00+00:00,1670.0,1670.0,1670.0,1670.0,5024
2025-10-01 15:10:00+00:00,1661.864990234375,1661.864990234375,1661.864990234375,1661.864990234375,725
2025-10-01 15:20:00+00:00,1663.9300537109375,1663.9300537109375,1662.8199462890625,1662.8199462890625,304
2025-10-01 15:25:00+00:00,1663.8499755859375,1663.8499755859375,1663.8499755859375,1663.8499755859375,724
2025-10-01 15:55:00+00:00,1667.5150146484375,1667.5150146484375,1667.5150146484375,1667.5150146484375,290
2025-10-01 16:00:00+00:00,1665.614990234375,1665.614990234375,1665.030029296875,1665.030029296875,772
2025-10-01 16:20:00+00:00,1660.3499755859375,1660.3499755859375,1659.0,1659.0,372
2025-10-01 16:25:00+00:00,1662.47998046875,1662.47998046875,1662.47998046875,1662.47998046875,1575
2025-10-01 16:45:00+00:00,1658.06005859375,1658.06005859375,1658.06005859375,1658.06005859375,1911
2025-10-01 16:55:00+00:00,1658.0,1660.47998046875,1658.0,1660.47998046875,1018
2025-10-01 17:35:00+00:00,1660.8800048828125,1660.8800048828125,1658.06005859375,1658.06005859375,374
2025-10-01 17:40:00+00:00,1658.0,1658.0,1658.0,1658.0,702
2025-10-01 18:00:00+00:00,1655.0,1655.0,1655.0,1655.0,321
2025-10-01 18:10:00+00:00,1659.97998046875,1659.97998046875,1659.97998046875,1659.97998046875,830
2025-10-01 18:45:00+00:00,1661.4849853515625,1661.4849853515625,1661.4849853515625,1661.4849853515625,839
2025-10-01 19:10:00+00:00,1661.4949951171875,1661.4949951171875,1661.4949951171875,1661.4949951171875,352
2025-10-01 19:15:00+00:00,1661.3800048828125,1661.3800048828125,1661.3800048828125,1661.3800048828125,428
2025-10-01 19:20:00+00:00,1658.5,1658.5,1658.0400390625,1658.0400390625,1932
2025-10-01 19:55:00+00:00,1648.0,1655.8900146484375,1648.0,1651.800048828125,6426
2025-10-02 13:30:00+00:00,1650.0,1651.5,1650.0,1651.135009765625,3868
2025-10-02 14:10:00+00:00,1652.0,1652.0,1652.0,1652.0,546
2025-10-02 14:20:00+00:00,1654.9749755859375,1654.9749755859375,1654.9749755859375,1654.9749755859375,422
2025-10-02 14:40:00+00:00,1662.4100341796875,1662.4100341796875,1662.4100341796875,1662.4100341796875,2249
2025-10-02 15:10:00+00:00,1671.4300537109375,1671.4300537109375,1671.4300537109375,1671.4300537109375,1026
2025-10-02 15:50:00+00:00,1674.18505859375,1674.18505859375,1674.18505859375,1674.18505859375,305
2025-10-02 15:55:00+00:00,1670.594970703125,1672.35498046875,1670.594970703125,1672.35498046875,940
2025-10-02 16:05:00+00:00,1671.7099609375,1671.7099609375,1671.7099609375,1671.7099609375,690
2025-10-02 16:25:00+00:00,1678.875,1678.875,1678.875,1678.875,126
2025-10-02 16:30:00+00:00,1675.864990234375,1675.864990234375,1675.864990234375,1675.864990234375,325
2025-10-02 16:40:00+00:00,1671.7950439453125,1674.2950439453125,1671.7950439453125,1674.2950439453125,1007
2025-10-02 16:45:00+00:00,1672.6600341796875,1672.6600341796875,1670.52001953125,1670.60498046875,3002
2025-10-02 17:30:00+00:00,1665.8800048828125,1665.8800048828125,1665.8800048828125,1665.8800048828125,217
2025-10-02 17:40:00+00:00,1668.425048828125,1668.425048828125,1668.425048828125,1668.425048828125,768
2025-10-02 18:05:00+00:00,1668.425048828125,1668.425048828125,1668.425048828125,1668.425048828125,168
2025-10-02 18:10:00+00:00,1668.425048828125,1668.425048828125,1668.425048828125,1668.425048828125,171
2025-10-02 18:15:00+00:00,1668.425048828125,1668.425048828125,1668.425048828125,1668.425048828125,1673
2025-10-02 19:00:00+00:00,1665.969970703125,1665.969970703125,1665.969970703125,1665.969970703125,357
2025-10-02 19:15:00+00:00,1664.3900146484375,1664.3900146484375,1664.3900146484375,1664.3900146484375,399
2025-10-02 19:20:00+00:00,1662.9300537109375,1662.9300537109375,1662.9300537109375,1662.9300537109375,287
2025-10-02 19:25:00+00:00,1666.6300048828125,1666.6300048828125,1666.6300048828125,1666.6300048828125,730
2025-10-02 19:45:00+00:00,1664.219970703125,1666.52001953125,1664.219970703125,1666.52001953125,1574
2025-10-02 19:55:00+00:00,1663.6500244140625,1666.5699462890625,1662.06005859375,1665.93994140625,4950
2025-10-03 13:30:00+00:00,1842.5,1842.5,1784.780029296875,1784.780029296875,4909
2025-10-03 13:35:00+00:00,1853.0,1853.0,1835.1300048828125,1847.0,2994
2025-10-03 13:40:00+00:00,1842.4749755859373,1859.0,1842.4749755859373,1859.0,1006
2025-10-03 13:45:00+00:00,1855.969970703125,1855.969970703125,1844.25,1844.25,1415
2025-10-03 13:50:00+00:00,1842.0899658203125,1863.469970703125,1842.0899658203125,1844.8399658203125,6573
2025-10-03 13:55:00+00:00,1840.8399658203125,1840.8399658203125,1840.5899658203125,1840.5899658203125,1153
2025-10-03 14:00:00+00:00,1818.8399658203125,1818.8399658203125,1818.8399658203125,1818.8399658203125,1759
2025-10-03 14:10:00+00:00,1824.0999755859373,1826.010009765625,1824.0999755859373,1826.010009765625,730
2025-10-03 14:20:00+00:00,1829.5999755859373,1829.5999755859373,1829.5999755859373,1829.5999755859373,580
2025-10-03 14:25:00+00:00,1815.280029296875,1824.655029296875,1815.280029296875,1821.4549560546875,3758
2025-10-03 14:30:00+00:00,1814.6400146484373,1814.6400146484373,1813.81005859375,1813.81005859375,1183
2025-10-03 14:35:00+00:00,1809.9100341796875,1809.9100341796875,1809.9100341796875,1809.9100341796875,648
2025-10-03 14:40:00+00:00,1813.1650390625,1815.760009765625,1812.9649658203125,1812.9649658203125,1859
2025-10-03 14:45:00+00:00,1830.260009765625,1830.260009765625,1816.239990234375,1816.239990234375,2017
2025-10-03 14:55:00+00:00,1823.4649658203125,1823.4649658203125,1823.4649658203125,1823.4649658203125,132
2025-10-03 15:00:00+00:00,1820.4649658203125,1824.885009765625,1820.4649658203125,1824.885009765625,1522
2025-10-03 15:05:00+00:00,1822.62744140625,1824.6650390625,1821.12744140625,1822.7974853515625,3886
2025-10-03 15:10:00+00:00,1829.657470703125,1829.989990234375,1827.1700439453125,1827.1700439453125,1125
2025-10-03 15:20:00+00:00,1834.0400390625,1846.449951171875,1834.0400390625,1846.449951171875,611
2025-10-03 15:30:00+00:00,1844.0,1846.8199462890625,1844.0,1846.8199462890625,448
2025-10-03 15:35:00+00:00,1844.780029296875,1844.780029296875,1840.210693359375,1844.780029296875,3226
2025-10-03 15:40:00+00:00,1847.780029296875,1849.3499755859373,1844.2099609375,1844.2099609375,2497
2025-10-03 15:45:00+00:00,1845.7449951171875,1845.7449951171875,1845.7449951171875,1845.7449951171875,1717
2025-10-03 16:05:00+00:00,1844.0,1844.3800048828125,1844.0,1844.3800048828125,731
2025-10-03 16:10:00+00:00,1841.18994140625,1846.1165771484373,1841.18994140625,1846.1165771484373,1028
2025-10-03 16:15:00+00:00,1850.72998046875,1850.72998046875,1849.3499755859373,1849.3499755859373,803
2025-10-03 16:20:00+00:00,1851.0,1851.0,1851.0,1851.0,361
2025-10-03 16:25:00+00:00,1851.0,1851.0,1851.0,1851.0,401
2025-10-03 16:30:00+00:00,1850.3349609375,1850.49755859375,1850.0,1850.0,1385
2025-10-03 16:55:00+00:00,1852.1949462890625,1852.1949462890625,1852.1949462890625,1852.1949462890625,1317
2025-10-03 17:25:00+00:00,1852.5,1852.5,1852.5,1852.5,686
2025-10-03 17:35:00+00:00,1848.9649658203125,1848.9649658203125,1848.9649658203125,1848.9649658203125,273
2025-10-03 17:40:00+00:00,1854.4674072265625,1854.4674072265625,1854.4674072265625,1854.4674072265625,340
2025-10-03 17:45:00+00:00,1851.0,1851.0,1851.0,1851.0,241
2025-10-03 17:50:00+00:00,1851.0,1851.5,1851.0,1851.5,461
2025-10-03 17:55:00+00:00,1852.9949951171875,1852.9949951171875,1852.9949951171875,1852.9949951171875,459
2025-10-03 18:00:00+00:00,1855.0,1855.0,1855.0,1855.0,836
2025-10-03 18:20:00+00:00,1853.0,1853.0,1852.0,1852.0,1038
2025-10-03 18:40:00+00:00,1855.0,1855.0,1855.0,1855.0,481
2025-10-03 18:45:00+00:00,1850.13134765625,1850.13134765625,1850.13134765625,1850.13134765625,347
2025-10-03 18:50:00+00:00,1860.43994140625,1860.43994140625,1856.0,1856.0,1537
2025-10-03 18:55:00+00:00,1860.0,1860.0,1860.0,1860.0,505
2025-10-03 19:00:00+00:00,1858.4749755859373,1858.4749755859373,1858.4749755859373,1858.4749755859373,732
2025-10-03 19:15:00+00:00,1866.1099853515625,1866.1099853515625,1866.1099853515625,1866.1099853515625,992
2025-10-03 19:20:00+00:00,1862.0799560546875,1862.0799560546875,1862.0799560546875,1862.0799560546875,1020
2025-10-03 19:35:00+00:00,1856.9749755859373,1866.219970703125,1856.9749755859373,1866.219970703125,1457
2025-10-03 19:45:00+00:00,1850.0,1855.260009765625,1848.0,1855.260009765625,3503
2025-10-03 19:50:00+00:00,1837.1199951171875,1850.0,1833.1700439453125,1849.9949951171875,5756
2025-10-03 19:55:00+00:00,1842.2099609375,1845.0,1832.0,1834.72998046875,6496
