Date,SP500,IBM
2020-10-01,3380.800048828125,115.76481628417969
2020-10-02,3348.419921875,115.26768493652344
2020-10-05,3408.60009765625,116.64435577392578
2020-10-06,3360.969970703125,116.60611724853516
2020-10-07,3419.43994140625,118.61376953125
2020-10-08,3446.830078125,125.70745849609375
2020-10-09,3477.139892578125,122.17017364501953
2020-10-12,3534.219970703125,121.61567687988281
2020-10-13,3511.929931640625,119.59847259521484
2020-10-14,3488.669921875,120.40152740478516
2020-10-15,3483.340087890625,119.397705078125
2020-10-16,3483.81005859375,120.3919677734375
2020-10-19,3426.919921875,120.0
2020-10-20,3443.1201171875,112.20841217041016
2020-10-21,3435.56005859375,110.0
2020-10-22,3453.489990234375,110.6692123413086
2020-10-23,3465.389892578125,110.8986587524414
2020-10-26,3400.969970703125,107.28489685058594
2020-10-27,3390.679931640625,105.6978988647461
2020-10-28,3271.030029296875,101.95984649658203
2020-10-29,3310.110107421875,104.1204605102539
2020-10-30,3269.9599609375,106.74951934814453
2020-11-02,3310.239990234375,107.94454956054688
2020-11-03,3369.159912109375,109.13957977294922
2020-11-04,3443.43994140625,106.97896575927734
2020-11-05,3510.449951171875,109.7227554321289
2020-11-06,3509.43994140625,109.02485656738281
2020-11-09,3550.5,110.44933319091797
2020-11-10,3545.530029296875,112.72466278076172
2020-11-11,3572.659912109375,112.04589080810547
2020-11-12,3537.010009765625,109.46463012695312
2020-11-13,3585.14990234375,111.7112808227539
2020-11-16,3626.909912109375,113.15487670898438
2020-11-17,3609.530029296875,112.5239028930664
2020-11-18,3567.7900390625,111.63479614257812
2020-11-19,3581.8701171875,112.02677154541016
2020-11-20,3557.5400390625,111.79732513427734
2020-11-23,3577.590087890625,114.80879211425781
2020-11-24,3635.409912109375,118.94837188720703
2020-11-25,3629.64990234375,118.73805236816406
2020-11-27,3638.35009765625,118.88145446777344
2020-11-30,3621.6298828125,118.08795166015625
2020-12-01,3662.449951171875,117.74378967285156
2020-12-02,3669.010009765625,119.13957977294922
2020-12-03,3666.719970703125,118.17399597167969
2020-12-04,3699.1201171875,121.60611724853516
2020-12-07,3691.9599609375,119.216064453125
2020-12-08,3702.25,120.181640625
2020-12-09,3672.820068359375,121.21414947509766
2020-12-10,3668.10009765625,119.46463012695312
2020-12-11,3663.4599609375,118.80496978759766
2020-12-14,3647.489990234375,118.0975112915039
2020-12-15,3694.6201171875,120.3919677734375
2020-12-16,3701.169921875,120.02867889404297
2020-12-17,3722.47998046875,120.02867889404297
2020-12-18,3709.409912109375,120.31549072265625
2020-12-21,3694.919921875,117.96366882324219
2020-12-22,3687.260009765625,118.17399597167969
2020-12-23,3690.010009765625,118.45124053955078
2020-12-24,3703.06005859375,119.20649719238281
2020-12-28,3735.360107421875,119.3307876586914
2020-12-29,3727.0400390625,118.35564422607422
2020-12-30,3732.0400390625,118.87189483642578
2020-12-31,3756.070068359375,120.34416961669922
2021-01-04,3700.64990234375,118.48948669433594
2021-01-05,3726.860107421875,120.59273529052734
2021-01-06,3748.139892578125,123.60420989990234
2021-01-07,3803.7900390625,123.31739807128906
2021-01-08,3824.679931640625,122.87763214111328
2021-01-11,3799.610107421875,122.92543029785156
2021-01-12,3801.18994140625,123.52772521972656
2021-01-13,3809.840087890625,121.33843231201172
2021-01-14,3795.5400390625,123.29827880859375
2021-01-15,3768.25,122.74378967285156
2021-01-19,3798.909912109375,123.34607696533203
2021-01-20,3851.85009765625,124.35946655273438
2021-01-21,3853.070068359375,125.86042022705078
2021-01-22,3841.469970703125,113.39388275146484
2021-01-25,3855.360107421875,113.36520385742188
2021-01-26,3849.6201171875,117.1032485961914
2021-01-27,3750.77001953125,117.0841293334961
2021-01-28,3787.3798828125,114.79923248291016
2021-01-29,3714.239990234375,113.87189483642578
2021-02-01,3773.860107421875,115.23900604248047
2021-02-02,3826.31005859375,114.1873779296875
2021-02-03,3830.169921875,113.88145446777344
2021-02-04,3871.739990234375,115.6978988647461
2021-02-05,3886.830078125,116.43403625488281
2021-02-08,3915.590087890625,118.17399597167969
2021-02-09,3911.22998046875,116.73040008544922
2021-02-10,3909.8798828125,116.86424255371094
2021-02-11,3916.3798828125,115.59273529052734
2021-02-12,3934.830078125,115.4875717163086
2021-02-16,3932.590087890625,114.7896728515625
2021-02-17,3931.330078125,114.69407653808594
2021-02-18,3913.969970703125,115.42064666748047
2021-02-19,3906.7099609375,113.75717163085938
2021-02-22,3876.5,115.54492950439453
2021-02-23,3881.3701171875,115.40152740478516
2021-02-24,3925.429931640625,117.79158782958984
2021-02-25,3829.340087890625,117.0841293334961
2021-02-26,3811.14990234375,113.6998062133789
2021-03-01,3901.820068359375,115.43020629882812
2021-03-02,3870.2900390625,115.03823852539062
2021-03-03,3819.719970703125,116.97896575927734
2021-03-04,3768.469970703125,114.82791900634766
2021-03-05,3841.93994140625,117.42829895019531
2021-03-08,3821.35009765625,119.32122039794922
2021-03-09,3875.43994140625,118.71892547607422
2021-03-10,3898.81005859375,122.24665069580078
2021-03-11,3939.340087890625,121.54875946044922
2021-03-12,3943.340087890625,121.99808502197266
2021-03-15,3968.93994140625,122.92543029785156
2021-03-16,3962.7099609375,122.60037994384766
2021-03-17,3974.1201171875,123.35564422607422
2021-03-18,3915.4599609375,124.34034729003906
2021-03-19,3913.10009765625,123.23136138916016
2021-03-22,3940.590087890625,124.80879211425781
2021-03-23,3910.52001953125,124.7227554321289
2021-03-24,3889.139892578125,124.87571716308594
2021-03-25,3909.52001953125,127.21797180175781
2021-03-26,3974.5400390625,130.38241577148438
2021-03-29,3971.090087890625,129.88528442382812
2021-03-30,3958.550048828125,128.79541015625
2021-03-31,3972.889892578125,127.39962005615234
2021-04-01,4019.8701171875,127.37093353271484
2021-04-05,4077.909912109375,129.9521942138672
2021-04-06,4073.93994140625,128.31739807128906
2021-04-07,4079.949951171875,128.9961700439453
2021-04-08,4097.169921875,129.17782592773438
2021-04-09,4128.7998046875,129.76100158691406
2021-04-12,4127.990234375,128.67112731933594
2021-04-13,4141.58984375,125.41108703613281
2021-04-14,4124.66015625,126.79732513427734
2021-04-15,4170.419921875,126.74951934814453
2021-04-16,4185.47021484375,127.71510314941406
2021-04-19,4163.259765625,127.26577758789062
2021-04-20,4134.93994140625,132.08413696289062
2021-04-21,4173.419921875,137.23709106445312
2021-04-22,4134.97998046875,135.06692504882812
2021-04-23,4180.169921875,136.16635131835938
2021-04-26,4187.6201171875,135.3441619873047
2021-04-27,4186.72021484375,135.7648162841797
2021-04-28,4183.18017578125,136.71128845214844
2021-04-29,4211.47021484375,137.89674377441406
2021-04-30,4181.169921875,135.64053344726562
2021-05-03,4192.66015625,138.3843231201172
2021-05-04,4164.66015625,139.34034729003906
2021-05-05,4167.58984375,138.83364868164062
2021-05-06,4201.6201171875,141.89292907714844
2021-05-07,4232.60009765625,139.06309509277344
2021-05-10,4188.43017578125,139.7418670654297
2021-05-11,4152.10009765625,137.87762451171875
2021-05-12,4063.0400390625,135.08604431152344
2021-05-13,4112.5,137.829833984375
2021-05-14,4173.85009765625,138.31739807128906
2021-05-17,4163.2900390625,138.72848510742188
2021-05-18,4127.830078125,137.58126831054688
2021-05-19,4115.68017578125,136.89292907714844
2021-05-20,4159.1201171875,137.55258178710938
2021-05-21,4155.85986328125,138.374755859375
2021-05-24,4197.0498046875,138.3556365966797
2021-05-25,4188.1298828125,137.46653747558594
2021-05-26,4195.990234375,137.07456970214844
2021-05-27,4200.8798828125,137.49522399902344
2021-05-28,4204.10986328125,137.41873168945312
2021-06-01,4202.0400390625,137.8489532470703
2021-06-02,4208.1201171875,139.31166076660156
2021-06-03,4192.85009765625,139.14913940429688
2021-06-04,4229.89013671875,140.93690490722656
2021-06-07,4226.52001953125,141.51051330566406
2021-06-08,4227.259765625,142.51434326171875
2021-06-09,4219.5498046875,144.04397583007812
2021-06-10,4239.18017578125,143.91969299316406
2021-06-11,4247.43994140625,144.6271514892578
2021-06-14,4255.14990234375,143.43212890625
2021-06-15,4246.58984375,142.7915802001953
2021-06-16,4223.7001953125,141.32887268066406
2021-06-17,4221.85986328125,139.1969451904297
2021-06-18,4166.4501953125,136.8260040283203
2021-06-21,4224.7900390625,140.2007598876953
2021-06-22,4246.43994140625,139.92352294921875
2021-06-23,4241.83984375,138.25047302246094
2021-06-24,4266.490234375,139.04397583007812
2021-06-25,4280.7001953125,140.38241577148438
2021-06-28,4290.60986328125,138.90057373046875
2021-06-29,4291.7998046875,139.14913940429688
2021-06-30,4297.5,140.14340209960938
2021-07-01,4319.93994140625,140.38241577148438
2021-07-02,4352.33984375,133.86233520507812
2021-07-06,4343.5400390625,132.67686462402344
2021-07-07,4358.1298828125,133.67112731933594
2021-07-08,4320.81982421875,134.55067443847656
2021-07-09,4369.5498046875,135.29637145996094
2021-07-12,4384.6298828125,134.72274780273438
2021-07-13,4369.2099609375,134.11090087890625
2021-07-14,4374.2998046875,133.67112731933594
2021-07-15,4360.02978515625,134.27342224121094
2021-07-16,4327.16015625,132.7915802001953
2021-07-19,4258.490234375,131.8546905517578
2021-07-20,4323.06005859375,133.8145294189453
2021-07-21,4358.68994140625,135.08604431152344
2021-07-22,4367.47998046875,134.52198791503906
2021-07-23,4411.7900390625,135.12428283691406
2021-07-26,4422.2998046875,136.49139404296875
2021-07-27,4401.4599609375,136.47227478027344
2021-07-28,4400.64013671875,135.53536987304688
2021-07-29,4419.14990234375,135.68833923339844
2021-07-30,4395.259765625,134.76100158691406
2021-08-02,4387.16015625,135.2007598876953
2021-08-03,4423.14990234375,137.73422241210938
2021-08-04,4402.66015625,136.48184204101562
2021-08-05,4429.10009765625,136.49139404296875
2021-08-06,4436.52001953125,137.7533416748047
2021-08-09,4432.35009765625,135.03823852539062
2021-08-10,4436.75,135.1625213623047
2021-08-11,4442.41015625,135.87954711914062
2021-08-12,4460.830078125,136.7781982421875
2021-08-13,4468.0,136.88336181640625
2021-08-16,4479.7099609375,137.27532958984375
2021-08-17,4448.080078125,136.1567840576172
2021-08-18,4400.27001953125,133.33651733398438
2021-08-19,4405.7998046875,131.95028686523438
2021-08-20,4441.669921875,132.9923553466797
2021-08-23,4479.52978515625,133.47991943359375
2021-08-24,4486.22998046875,133.69024658203125
2021-08-25,4496.18994140625,133.70936584472656
2021-08-26,4470.0,132.67686462402344
2021-08-27,4509.3701171875,133.27915954589844
2021-08-30,4528.7900390625,132.85850524902344
2021-08-31,4522.68017578125,134.1682586669922
2021-09-01,4524.08984375,133.1739959716797
2021-09-02,4536.9501953125,133.85276794433594
2021-09-03,4535.43017578125,133.44168090820312
2021-09-07,4520.02978515625,131.988525390625
2021-09-08,4514.06982421875,132.5717010498047
2021-09-09,4493.27978515625,131.68260192871094
2021-09-10,4458.580078125,130.9942626953125
2021-09-13,4468.72998046875,132.07456970214844
2021-09-14,4443.0498046875,130.2294464111328
2021-09-15,4480.7001953125,131.16635131835938
2021-09-16,4473.75,130.43020629882812
2021-09-17,4432.990234375,129.28298950195312
2021-09-20,4357.72998046875,128.4034423828125
2021-09-21,4354.18994140625,127.12236785888672
2021-09-22,4395.64013671875,128.70936584472656
2021-09-23,4448.97998046875,130.71701049804688
2021-09-24,4455.47998046875,131.44358825683594
2021-09-27,4443.10986328125,132.46653747558594
2021-09-28,4352.6298828125,131.42446899414062
2021-09-29,4359.4599609375,133.0592803955078
2021-09-30,4307.5400390625,132.8202667236328
2021-10-01,4357.0400390625,137.0172119140625
2021-10-04,4300.4599609375,137.7724609375
2021-10-05,4345.72021484375,136.8546905517578
2021-10-06,4363.5498046875,136.09942626953125
2021-10-07,4399.759765625,135.5736083984375
2021-10-08,4391.33984375,136.92160034179688
2021-10-11,4361.18994140625,136.16635131835938
2021-10-12,4350.64990234375,134.29254150390625
2021-10-13,4363.7998046875,134.56979370117188
2021-10-14,4438.259765625,137.08413696289062
2021-10-15,4471.3701171875,138.25047302246094
2021-10-18,4486.4599609375,136.06118774414062
2021-10-19,4519.6298828125,135.73614501953125
2021-10-20,4536.18994140625,135.65965270996094
2021-10-21,4549.77978515625,122.6864242553711
2021-10-22,4544.89990234375,122.25621032714844
2021-10-25,4566.47998046875,122.02677154541016
2021-10-26,4574.7900390625,121.53919982910156
2021-10-27,4551.68017578125,119.66539001464844
2021-10-28,4596.419921875,120.30592346191406
2021-10-29,4605.3798828125,119.59847259521484
2021-11-01,4613.669921875,120.72657775878906
2021-11-02,4630.64990234375,120.63097381591797
2021-11-03,4660.56982421875,121.53919982910156
2021-11-04,4680.06005859375,120.8499984741211
2021-11-05,4697.52978515625,123.61000061035156
2021-11-08,4701.7001953125,124.54000091552734
2021-11-09,4685.25,120.8499984741211
2021-11-10,4646.7099609375,120.22000122070312
2021-11-11,4649.27001953125,120.2699966430664
2021-11-12,4682.85009765625,118.95999908447266
2021-11-15,4682.7998046875,118.87000274658203
2021-11-16,4700.89990234375,118.45999908447266
2021-11-17,4688.669921875,118.05999755859375
2021-11-18,4704.5400390625,116.66000366210938
2021-11-19,4697.9599609375,116.05000305175781
2021-11-22,4682.93994140625,116.47000122070312
2021-11-23,4690.7001953125,116.79000091552734
2021-11-24,4701.4599609375,116.7300033569336
2021-11-26,4594.6201171875,115.80999755859375
2021-11-29,4655.27001953125,118.5
2021-11-30,4567.0,117.0999984741211
2021-12-01,4513.0400390625,116.91999816894531
2021-12-02,4577.10009765625,116.9000015258789
2021-12-03,4538.43017578125,118.83999633789062
2021-12-06,4591.669921875,119.91000366210938
2021-12-07,4686.75,121.58000183105469
2021-12-08,4701.2099609375,123.0199966430664
2021-12-09,4667.4501953125,123.56999969482422
2021-12-10,4712.02001953125,124.08999633789062
2021-12-13,4668.97021484375,122.58000183105469
2021-12-14,4634.08984375,123.76000213623047
2021-12-15,4709.85009765625,123.11000061035156
2021-12-16,4668.669921875,125.93000030517578
2021-12-17,4620.64013671875,127.4000015258789
2021-12-20,4568.02001953125,127.05999755859375
2021-12-21,4649.22998046875,128.97000122070312
2021-12-22,4696.56005859375,129.75
2021-12-23,4725.7900390625,130.6300048828125
2021-12-27,4791.18994140625,131.6199951171875
2021-12-28,4786.35009765625,132.6300048828125
2021-12-29,4793.06005859375,133.35000610351562
2021-12-30,4778.72998046875,133.91000366210938
2021-12-31,4766.18017578125,133.66000366210938
2022-01-03,4796.56005859375,136.0399932861328
2022-01-04,4793.5400390625,138.02000427246094
2022-01-05,4700.580078125,138.22000122070312
2022-01-06,4696.0498046875,135.33999633789062
2022-01-07,4677.02978515625,134.8300018310547
2022-01-10,4670.2900390625,135.02999877929688
2022-01-11,4713.06982421875,132.8699951171875
2022-01-12,4726.35009765625,133.58999633789062
2022-01-13,4659.02978515625,134.75999450683594
2022-01-14,4662.85009765625,134.2100067138672
2022-01-18,4577.10986328125,132.94000244140625
2022-01-19,4532.759765625,131.5800018310547
2022-01-20,4482.72998046875,130.82000732421875
2022-01-21,4397.93994140625,129.35000610351562
2022-01-24,4410.1298828125,128.82000732421875
2022-01-25,4356.4501953125,136.10000610351562
2022-01-26,4349.93017578125,134.25999450683594
2022-01-27,4326.509765625,132.52000427246094
2022-01-28,4431.85009765625,134.5
2022-01-31,4515.5498046875,133.57000732421875
2022-02-01,4546.5400390625,135.52999877929688
2022-02-02,4589.3798828125,137.25
2022-02-03,4477.43994140625,137.77999877929688
2022-02-04,4500.52978515625,137.14999389648438
2022-02-07,4483.8701171875,137.24000549316406
2022-02-08,4521.5400390625,137.02000427246094
2022-02-09,4587.18017578125,137.7899932861328
2022-02-10,4504.080078125,133.52000427246094
2022-02-11,4418.64013671875,132.69000244140625
2022-02-14,4401.669921875,130.14999389648438
2022-02-15,4471.06982421875,129.94000244140625
2022-02-16,4475.009765625,129.17999267578125
2022-02-17,4380.259765625,124.97000122070312
2022-02-18,4348.8701171875,124.3499984741211
2022-02-22,4304.759765625,123.91999816894531
2022-02-23,4225.5,122.06999969482422
2022-02-24,4288.7001953125,121.97000122070312
2022-02-25,4384.64990234375,124.18000030517578
2022-02-28,4373.93994140625,122.51000213623047
2022-03-01,4306.259765625,121.3499984741211
2022-03-02,4386.5400390625,123.86000061035156
2022-03-03,4363.490234375,125.93000030517578
2022-03-04,4328.8701171875,126.62000274658203
2022-03-07,4201.08984375,126.06999969482422
2022-03-08,4170.7001953125,125.68000030517578
2022-03-09,4277.8798828125,126.22000122070312
2022-03-10,4259.52001953125,124.3499984741211
2022-03-11,4204.31005859375,123.95999908447266
2022-03-14,4173.10986328125,123.94000244140625
2022-03-15,4262.4501953125,125.63999938964844
2022-03-16,4357.85986328125,127.04000091552734
2022-03-17,4411.669921875,127.95999908447266
2022-03-18,4463.1201171875,128.75999450683594
2022-03-21,4461.18017578125,128.10000610351562
2022-03-22,4511.60986328125,129.05999755859375
2022-03-23,4456.240234375,128.3000030517578
2022-03-24,4520.16015625,129.25
2022-03-25,4543.06005859375,131.35000610351562
2022-03-28,4575.52001953125,131.47000122070312
2022-03-29,4631.60009765625,131.94000244140625
2022-03-30,4602.4501953125,132.1300048828125
2022-03-31,4530.41015625,130.02000427246094
2022-04-01,4545.85986328125,130.14999389648438
2022-04-04,4582.64013671875,130.27000427246094
2022-04-05,4525.1201171875,128.88999938964844
2022-04-06,4481.14990234375,129.38999938964844
2022-04-07,4500.2099609375,128.5500030517578
2022-04-08,4488.27978515625,127.7300033569336
2022-04-11,4412.52978515625,126.37000274658203
2022-04-12,4397.4501953125,125.9800033569336
2022-04-13,4446.58984375,126.13999938964844
2022-04-14,4392.58984375,126.55999755859375
2022-04-18,4391.68994140625,126.16999816894531
2022-04-19,4462.2099609375,129.14999389648438
2022-04-20,4459.4501953125,138.32000732421875
2022-04-21,4393.66015625,139.85000610351562
2022-04-22,4271.77978515625,138.25
2022-04-25,4296.1201171875,139.10000610351562
2022-04-26,4175.2001953125,136.19000244140625
2022-04-27,4183.9599609375,135.05999755859375
2022-04-28,4287.5,135.74000549316406
2022-04-29,4131.93017578125,132.2100067138672
2022-05-02,4155.3798828125,133.0399932861328
2022-05-03,4175.47998046875,132.52000427246094
2022-05-04,4300.169921875,137.39999389648438
2022-05-05,4146.8701171875,135.9199981689453
2022-05-06,4123.33984375,137.6699981689453
2022-05-09,3991.239990234375,134.44000244140625
2022-05-10,4001.050048828125,129.1300048828125
2022-05-11,3935.179931640625,130.75
2022-05-12,3930.080078125,132.89999389648438
2022-05-13,4023.889892578125,133.60000610351562
2022-05-16,4008.010009765625,135.02999877929688
2022-05-17,4088.85009765625,138.3699951171875
2022-05-18,3923.679931640625,132.94000244140625
2022-05-19,3900.7900390625,129.66000366210938
2022-05-20,3901.360107421875,128.47999572753906
2022-05-23,3973.75,131.1699981689453
2022-05-24,3941.47998046875,133.8000030517578
2022-05-25,3978.72998046875,134.38999938964844
2022-05-26,4057.840087890625,136.88999938964844
2022-05-27,4158.240234375,139.27000427246094
2022-05-31,4132.14990234375,138.83999633789062
2022-06-01,4101.22998046875,139.42999267578125
2022-06-02,4176.81982421875,140.14999389648438
2022-06-03,4108.5400390625,141.17999267578125
2022-06-06,4121.43017578125,142.8800048828125
2022-06-07,4160.68017578125,142.77999877929688
2022-06-08,4115.77001953125,140.8300018310547
2022-06-09,4017.820068359375,137.9600067138672
2022-06-10,3900.860107421875,136.19000244140625
2022-06-13,3749.6298828125,135.11000061035156
2022-06-14,3735.47998046875,135.72000122070312
2022-06-15,3789.989990234375,137.05999755859375
2022-06-16,3666.77001953125,135.6699981689453
2022-06-17,3674.840087890625,135.02000427246094
2022-06-21,3764.7900390625,137.85000610351562
2022-06-22,3759.889892578125,137.0800018310547
2022-06-23,3795.72998046875,138.44000244140625
2022-06-24,3911.739990234375,142.05999755859375
2022-06-27,3900.110107421875,142.8000030517578
2022-06-28,3821.550048828125,141.86000061035156
2022-06-29,3818.830078125,140.7100067138672
2022-06-30,3785.3798828125,141.19000244140625
2022-07-01,3825.330078125,141.1199951171875
2022-07-05,3831.389892578125,137.6199951171875
2022-07-06,3845.080078125,138.0800018310547
2022-07-07,3902.6201171875,140.8300018310547
2022-07-08,3899.3798828125,140.47000122070312
2022-07-11,3854.429931640625,141.0
2022-07-12,3818.800048828125,139.17999267578125
2022-07-13,3801.780029296875,137.17999267578125
2022-07-14,3790.3798828125,139.05999755859375
2022-07-15,3863.159912109375,139.9199981689453
2022-07-18,3830.85009765625,138.1300048828125
2022-07-19,3936.68994140625,130.8800048828125
2022-07-20,3959.89990234375,129.17999267578125
2022-07-21,3998.949951171875,127.1500015258789
2022-07-22,3961.6298828125,128.25
2022-07-25,3966.840087890625,128.5399932861328
2022-07-26,3921.050048828125,128.0800018310547
2022-07-27,4023.610107421875,129.1199951171875
2022-07-28,4072.429931640625,129.22000122070312
2022-07-29,4130.2900390625,130.7899932861328
2022-08-01,4118.6298828125,132.0399932861328
2022-08-02,4091.18994140625,131.80999755859375
2022-08-03,4155.169921875,132.33999633789062
2022-08-04,4151.93994140625,131.63999938964844
2022-08-05,4145.18994140625,132.47999572753906
2022-08-08,4140.06005859375,132.61000061035156
2022-08-09,4122.47021484375,129.47000122070312
2022-08-10,4210.240234375,131.5
2022-08-11,4207.27001953125,132.5399932861328
2022-08-12,4280.14990234375,134.00999450683594
2022-08-15,4297.14013671875,134.92999267578125
2022-08-16,4305.2001953125,136.55999755859375
2022-08-17,4274.0400390625,137.7899932861328
2022-08-18,4283.740234375,139.07000732421875
2022-08-19,4228.47998046875,138.3699951171875
2022-08-22,4137.990234375,135.5500030517578
2022-08-23,4128.72998046875,134.74000549316406
2022-08-24,4140.77001953125,133.22999572753906
2022-08-25,4199.1201171875,133.97999572753906
2022-08-26,4057.659912109375,130.3800048828125
2022-08-29,4030.610107421875,130.30999755859375
2022-08-30,3986.159912109375,129.5800018310547
2022-08-31,3955.0,128.4499969482422
2022-09-01,3966.85009765625,129.66000366210938
2022-09-02,3924.260009765625,127.79000091552734
2022-09-06,3908.18994140625,126.72000122070312
2022-09-07,3979.8701171875,127.70999908447266
2022-09-08,4006.179931640625,128.47000122070312
2022-09-09,4067.360107421875,129.19000244140625
2022-09-12,4110.41015625,130.66000366210938
2022-09-13,3932.68994140625,127.25
2022-09-14,3946.010009765625,127.69000244140625
2022-09-15,3901.35009765625,125.48999786376953
2022-09-16,3873.330078125,127.2699966430664
2022-09-19,3899.889892578125,127.7300033569336
2022-09-20,3855.929931640625,126.30000305175781
2022-09-21,3789.929931640625,124.93000030517578
2022-09-22,3757.989990234375,125.30999755859375
2022-09-23,3693.22998046875,122.70999908447266
2022-09-26,3655.0400390625,122.01000213623047
2022-09-27,3647.2900390625,121.73999786376953
2022-09-28,3719.0400390625,122.76000213623047
2022-09-29,3640.469970703125,121.62999725341797
2022-09-30,3585.6201171875,118.80999755859375
2022-10-03,3678.429931640625,121.51000213623047
2022-10-04,3790.929931640625,125.5
2022-10-05,3783.280029296875,125.73999786376953
2022-10-06,3744.52001953125,122.2300033569336
2022-10-07,3639.659912109375,118.81999969482422
2022-10-10,3612.389892578125,117.75
2022-10-11,3588.840087890625,117.80000305175781
2022-10-12,3577.030029296875,117.56999969482422
2022-10-13,3669.909912109375,121.79000091552734
2022-10-14,3583.070068359375,120.04000091552734
2022-10-17,3677.949951171875,121.5199966430664
2022-10-18,3719.97998046875,122.94000244140625
2022-10-19,3695.159912109375,122.51000213623047
2022-10-20,3665.780029296875,128.3000030517578
2022-10-21,3752.75,129.89999389648438
2022-10-24,3797.340087890625,132.69000244140625
2022-10-25,3859.110107421875,132.92999267578125
2022-10-26,3830.60009765625,135.00999450683594
2022-10-27,3807.300048828125,134.77000427246094
2022-10-28,3901.06005859375,138.50999450683594
2022-10-31,3871.97998046875,138.2899932861328
2022-11-01,3856.10009765625,138.1999969482422
2022-11-02,3759.68994140625,136.8300018310547
2022-11-03,3719.889892578125,134.47000122070312
2022-11-04,3770.550048828125,136.9600067138672
2022-11-07,3806.800048828125,138.33999633789062
2022-11-08,3828.110107421875,140.0399932861328
2022-11-09,3748.570068359375,137.38999938964844
2022-11-10,3956.3701171875,141.22999572753906
2022-11-11,3992.929931640625,143.1699981689453
2022-11-14,3957.25,144.1999969482422
2022-11-15,3991.72998046875,144.33999633789062
2022-11-16,3958.7900390625,144.52000427246094
2022-11-17,3946.56005859375,146.08999633789062
2022-11-18,3965.340087890625,147.63999938964844
2022-11-21,3949.93994140625,146.67999267578125
2022-11-22,4003.580078125,149.10000610351562
2022-11-23,4027.260009765625,148.75
2022-11-25,4026.1201171875,148.3699951171875
2022-11-28,3963.93994140625,146.17999267578125
2022-11-29,3957.6298828125,146.49000549316406
2022-11-30,4080.110107421875,148.89999389648438
2022-12-01,4076.570068359375,149.16000366210938
2022-12-02,4071.699951171875,148.6699981689453
2022-12-05,3998.840087890625,147.41000366210938
2022-12-06,3941.260009765625,147.5
2022-12-07,3933.919921875,147.27000427246094
2022-12-08,3963.510009765625,147.77999877929688
2022-12-09,3934.3798828125,147.0500030517578
2022-12-12,3990.56005859375,149.2100067138672
2022-12-13,4019.64990234375,150.57000732421875
2022-12-14,3995.320068359375,149.86000061035156
2022-12-15,3895.75,142.36000061035156
2022-12-16,3852.360107421875,140.16000366210938
2022-12-19,3817.659912109375,138.8699951171875
2022-12-20,3821.6201171875,141.27999877929688
2022-12-21,3878.43994140625,142.13999938964844
2022-12-22,3822.389892578125,140.8800048828125
2022-12-23,3844.820068359375,141.64999389648438
2022-12-27,3829.25,142.4199981689453
2022-12-28,3783.219970703125,140.02000427246094
2022-12-29,3849.280029296875,141.05999755859375
2022-12-30,3839.5,140.88999938964844
2023-01-03,3824.139892578125,141.5500030517578
2023-01-04,3852.969970703125,142.60000610351562
2023-01-05,3808.10009765625,141.11000061035156
2023-01-06,3895.080078125,143.6999969482422
2023-01-09,3892.090087890625,143.5500030517578
2023-01-10,3919.25,144.8000030517578
2023-01-11,3969.610107421875,145.25999450683594
2023-01-12,3983.169921875,145.5500030517578
2023-01-13,3999.090087890625,145.88999938964844
2023-01-17,3990.969970703125,145.19000244140625
2023-01-18,3928.860107421875,140.41000366210938
2023-01-19,3898.85009765625,140.6199951171875
2023-01-20,3972.610107421875,141.1999969482422
2023-01-23,4019.81005859375,141.86000061035156
2023-01-24,4016.949951171875,141.49000549316406
2023-01-25,4016.219970703125,140.75999450683594
2023-01-26,4060.429931640625,134.4499969482422
2023-01-27,4070.56005859375,134.38999938964844
2023-01-30,4017.77001953125,135.3000030517578
2023-01-31,4076.60009765625,134.72999572753906
2023-02-01,4119.2099609375,135.08999633789062
2023-02-02,4179.759765625,136.38999938964844
2023-02-03,4136.47998046875,136.94000244140625
2023-02-06,4111.080078125,136.17999267578125
2023-02-07,4164.0,135.83999633789062
2023-02-08,4117.85986328125,135.97999572753906
2023-02-09,4081.5,133.75
2023-02-10,4090.4599609375,135.60000610351562
2023-02-13,4137.2900390625,137.35000610351562
2023-02-14,4136.1298828125,136.00999450683594
2023-02-15,4147.60009765625,136.39999389648438
2023-02-16,4090.409912109375,135.0
2023-02-17,4079.090087890625,135.02000427246094
2023-02-21,3997.340087890625,131.7100067138672
2023-02-22,3991.050048828125,130.97000122070312
2023-02-23,4012.320068359375,130.7899932861328
2023-02-24,3970.0400390625,130.57000732421875
2023-02-27,3982.239990234375,130.49000549316406
2023-02-28,3970.14990234375,129.3000030517578
2023-03-01,3951.389892578125,128.19000244140625
2023-03-02,3981.35009765625,128.92999267578125
2023-03-03,4045.639892578125,129.63999938964844
2023-03-06,4048.419921875,130.19000244140625
2023-03-07,3986.3701171875,128.25
2023-03-08,3992.010009765625,128.0500030517578
2023-03-09,3918.320068359375,126.16000366210938
2023-03-10,3861.590087890625,125.44999694824219
2023-03-13,3855.760009765625,125.58000183105469
2023-03-14,3919.2900390625,124.6500015258789
2023-03-15,3891.929931640625,123.27999877929688
2023-03-16,3960.280029296875,124.69999694824219
2023-03-17,3916.639892578125,123.69000244140625
2023-03-20,3951.570068359375,125.94000244140625
2023-03-21,4002.8701171875,126.56999969482422
2023-03-22,3936.969970703125,124.05000305175781
2023-03-23,3948.719970703125,123.37000274658203
2023-03-24,3970.989990234375,125.29000091552734
2023-03-27,3977.530029296875,129.30999755859375
2023-03-28,3971.27001953125,129.33999633789062
2023-03-29,4027.81005859375,129.7100067138672
2023-03-30,4050.830078125,129.22000122070312
2023-03-31,4109.31005859375,131.08999633789062
2023-04-03,4124.509765625,132.05999755859375
2023-04-04,4100.60009765625,131.60000610351562
2023-04-05,4090.3798828125,132.13999938964844
2023-04-06,4105.02001953125,130.5
2023-04-10,4109.10986328125,131.02999877929688
2023-04-11,4108.93994140625,130.4199981689453
2023-04-12,4091.949951171875,128.5399932861328
2023-04-13,4146.22021484375,127.9000015258789
2023-04-14,4137.64013671875,128.13999938964844
2023-04-17,4151.31982421875,127.81999969482422
2023-04-18,4154.8701171875,127.77999877929688
2023-04-19,4154.52001953125,126.31999969482422
2023-04-20,4129.7900390625,126.36000061035156
2023-04-21,4133.52001953125,125.7300033569336
2023-04-24,4137.0400390625,125.4000015258789
2023-04-25,4071.6298828125,125.88999938964844
2023-04-26,4055.989990234375,125.8499984741211
2023-04-27,4135.35009765625,126.97000122070312
2023-04-28,4169.47998046875,126.41000366210938
2023-05-01,4167.8701171875,126.08999633789062
2023-05-02,4119.580078125,125.16000366210938
2023-05-03,4090.75,123.44999694824219
2023-05-04,4061.219970703125,122.56999969482422
2023-05-05,4136.25,123.6500015258789
2023-05-08,4138.1201171875,123.4000015258789
2023-05-09,4119.169921875,121.16999816894531
2023-05-10,4137.64013671875,122.0199966430664
2023-05-11,4130.6201171875,120.9000015258789
2023-05-12,4124.080078125,122.83999633789062
2023-05-15,4136.27978515625,123.36000061035156
2023-05-16,4109.89990234375,123.45999908447266
2023-05-17,4158.77001953125,125.70999908447266
2023-05-18,4198.0498046875,126.1500015258789
2023-05-19,4191.97998046875,127.26000213623047
2023-05-22,4192.6298828125,127.5
2023-05-23,4145.580078125,128.17999267578125
2023-05-24,4115.240234375,125.68000030517578
2023-05-25,4151.27978515625,126.76000213623047
2023-05-26,4205.4501953125,128.88999938964844
2023-05-30,4205.52001953125,129.47999572753906
2023-05-31,4179.830078125,128.58999633789062
2023-06-01,4221.02001953125,129.82000732421875
2023-06-02,4282.3701171875,132.4199981689453
2023-06-05,4273.7900390625,132.63999938964844
2023-06-06,4283.85009765625,132.69000244140625
2023-06-07,4267.52001953125,134.3800048828125
2023-06-08,4293.93017578125,134.41000366210938
2023-06-09,4298.85986328125,135.3000030517578
2023-06-12,4338.93017578125,136.4199981689453
2023-06-13,4369.009765625,137.60000610351562
2023-06-14,4372.58984375,137.1999969482422
2023-06-15,4425.83984375,138.39999389648438
2023-06-16,4409.58984375,137.47999572753906
2023-06-20,4388.7099609375,135.9600067138672
2023-06-21,4365.68994140625,133.69000244140625
2023-06-22,4381.89013671875,131.1699981689453
2023-06-23,4348.330078125,129.42999267578125
2023-06-26,4328.81982421875,131.33999633789062
2023-06-27,4378.41015625,132.33999633789062
2023-06-28,4376.85986328125,131.75999450683594
2023-06-29,4396.43994140625,134.05999755859375
2023-06-30,4450.3798828125,133.80999755859375
2023-07-03,4455.58984375,133.6699981689453
2023-07-05,4446.81982421875,134.24000549316406
2023-07-06,4411.58984375,132.16000366210938
2023-07-07,4398.9501953125,132.0800018310547
2023-07-10,4409.52978515625,132.89999389648438
2023-07-11,4439.259765625,134.44000244140625
2023-07-12,4472.16015625,132.83999633789062
2023-07-13,4510.0400390625,133.9199981689453
2023-07-14,4505.419921875,133.39999389648438
2023-07-17,4522.7900390625,134.24000549316406
2023-07-18,4554.97998046875,135.36000061035156
2023-07-19,4565.72021484375,135.47999572753906
2023-07-20,4534.8701171875,138.3800048828125
2023-07-21,4536.33984375,138.94000244140625
2023-07-24,4554.64013671875,139.5399932861328
2023-07-25,4567.4599609375,140.3300018310547
2023-07-26,4566.75,141.07000732421875
2023-07-27,4537.41015625,142.97000122070312
2023-07-28,4582.22998046875,143.4499969482422
2023-07-31,4588.9599609375,144.17999267578125
2023-08-01,4576.72998046875,143.3300018310547
2023-08-02,4513.39013671875,144.1699981689453
2023-08-03,4501.89013671875,144.4499969482422
2023-08-04,4478.02978515625,144.24000549316406
2023-08-07,4518.43994140625,146.17999267578125
2023-08-08,4499.3798828125,145.91000366210938
2023-08-09,4467.7099609375,142.49000549316406
2023-08-10,4468.830078125,143.25
2023-08-11,4464.0498046875,143.1199951171875
2023-08-14,4489.72021484375,141.91000366210938
2023-08-15,4437.85986328125,141.8699951171875
2023-08-16,4404.330078125,140.63999938964844
2023-08-17,4370.35986328125,140.66000366210938
2023-08-18,4369.7099609375,141.41000366210938
2023-08-21,4399.77001953125,142.27999877929688
2023-08-22,4387.5498046875,141.49000549316406
2023-08-23,4436.009765625,143.41000366210938
2023-08-24,4376.31005859375,143.5500030517578
2023-08-25,4405.7099609375,145.35000610351562
2023-08-28,4433.31005859375,146.02000427246094
2023-08-29,4497.6298828125,146.4499969482422
2023-08-30,4514.8701171875,146.86000061035156
2023-08-31,4507.66015625,146.8300018310547
2023-09-01,4515.77001953125,147.94000244140625
2023-09-05,4496.830078125,148.1300048828125
2023-09-06,4465.47998046875,148.05999755859375
2023-09-07,4451.14013671875,147.52000427246094
2023-09-08,4457.490234375,147.67999267578125
2023-09-11,4487.4599609375,148.3800048828125
2023-09-12,4461.89990234375,146.3000030517578
2023-09-13,4467.43994140625,146.5500030517578
2023-09-14,4505.10009765625,147.35000610351562
2023-09-15,4450.31982421875,145.99000549316406
2023-09-18,4453.52978515625,145.08999633789062
2023-09-19,4443.9501953125,146.52000427246094
2023-09-20,4402.2001953125,149.8300018310547
2023-09-21,4330.0,147.3800048828125
2023-09-22,4320.06005859375,146.91000366210938
2023-09-25,4337.43994140625,146.47999572753906
2023-09-26,4273.52978515625,143.24000549316406
2023-09-27,4274.509765625,143.1699981689453
2023-09-28,4299.7001953125,141.5800018310547
2023-09-29,4288.0498046875,140.3000030517578
2023-10-02,4288.39013671875,140.8000030517578
2023-10-03,4229.4501953125,140.38999938964844
2023-10-04,4263.75,141.07000732421875
2023-10-05,4258.18994140625,141.52000427246094
2023-10-06,4308.5,142.02999877929688
2023-10-09,4335.66015625,142.1999969482422
2023-10-10,4358.240234375,142.11000061035156
2023-10-11,4376.9501953125,143.22999572753906
2023-10-12,4349.60986328125,141.24000549316406
2023-10-13,4327.77978515625,138.4600067138672
2023-10-16,4373.6298828125,139.2100067138672
2023-10-17,4373.2001953125,140.32000732421875
2023-10-18,4314.60009765625,139.97000122070312
2023-10-19,4278.0,138.00999450683594
2023-10-20,4224.16015625,137.16000366210938
2023-10-23,4217.0400390625,136.3800048828125
2023-10-24,4247.68017578125,137.7899932861328
2023-10-25,4186.77001953125,137.0800018310547
2023-10-26,4137.22998046875,143.75999450683594
2023-10-27,4117.3701171875,142.52000427246094
2023-10-30,4166.81982421875,142.6300048828125
2023-10-31,4193.7998046875,144.63999938964844
2023-11-01,4237.85986328125,145.39999389648438
2023-11-02,4317.77978515625,147.00999450683594
2023-11-03,4358.33984375,147.89999389648438
2023-11-06,4365.97998046875,148.97000122070312
2023-11-07,4378.3798828125,148.8300018310547
2023-11-08,4382.77978515625,148.02999877929688
2023-11-09,4347.35009765625,146.6199951171875
2023-11-10,4415.240234375,149.02000427246094
2023-11-13,4411.5498046875,148.10000610351562
2023-11-14,4495.7001953125,150.41000366210938
2023-11-15,4502.8798828125,152.5800018310547
2023-11-16,4508.240234375,153.05999755859375
2023-11-17,4514.02001953125,152.88999938964844
2023-11-20,4547.3798828125,154.35000610351562
2023-11-21,4538.18994140625,153.91000366210938
2023-11-22,4556.6201171875,155.1300048828125
2023-11-24,4559.33984375,155.17999267578125
2023-11-27,4550.43017578125,155.57000732421875
2023-11-28,4554.89013671875,155.64999389648438
2023-11-29,4550.580078125,156.41000366210938
2023-11-30,4567.7998046875,158.55999755859375
2023-12-01,4594.6298828125,160.5500030517578
2023-12-04,4569.77978515625,161.10000610351562
2023-12-05,4567.18017578125,161.38999938964844
2023-12-06,4549.33984375,160.27999877929688
2023-12-07,4585.58984375,160.22000122070312
2023-12-08,4604.3701171875,161.9600067138672
2023-12-11,4622.43994140625,163.50999450683594
2023-12-12,4643.7001953125,164.7100067138672
2023-12-13,4707.08984375,163.6199951171875
2023-12-14,4719.5498046875,162.91000366210938
2023-12-15,4719.18994140625,162.22999572753906
2023-12-18,4740.56005859375,162.74000549316406
2023-12-19,4768.3701171875,161.55999755859375
2023-12-20,4698.35009765625,160.0500030517578
2023-12-21,4746.75,160.77999877929688
2023-12-22,4754.6298828125,162.13999938964844
2023-12-26,4774.75,163.2100067138672
2023-12-27,4781.580078125,163.4600067138672
2023-12-28,4783.35009765625,163.75
2023-12-29,4769.830078125,163.5500030517578
2024-01-02,4742.830078125,161.5
2024-01-03,4704.81005859375,160.10000610351562
2024-01-04,4688.68017578125,160.86000061035156
2024-01-05,4697.240234375,159.16000366210938
2024-01-08,4763.5400390625,161.13999938964844
2024-01-09,4756.5,160.0800018310547
2024-01-10,4783.4501953125,161.22999572753906
2024-01-11,4780.240234375,162.16000366210938
2024-01-12,4783.830078125,165.8000030517578
2024-01-16,4765.97998046875,166.9600067138672
2024-01-17,4739.2099609375,166.0800018310547
2024-01-18,4780.93994140625,166.83999633789062
2024-01-19,4839.81005859375,171.47999572753906
2024-01-22,4850.43017578125,172.8300018310547
2024-01-23,4864.60009765625,173.94000244140625
2024-01-24,4868.5498046875,173.92999267578125
2024-01-25,4894.16015625,190.42999267578125
2024-01-26,4890.97021484375,187.4199981689453
2024-01-29,4927.93017578125,187.13999938964844
2024-01-30,4924.97021484375,187.8699951171875
2024-01-31,4845.64990234375,183.66000366210938
2024-02-01,4906.18994140625,186.89999389648438
2024-02-02,4958.60986328125,185.7899932861328
2024-02-05,4942.81005859375,183.4199981689453
2024-02-06,4954.22998046875,183.41000366210938
2024-02-07,4995.06005859375,183.74000549316406
2024-02-08,4997.91015625,184.36000061035156
2024-02-09,5026.60986328125,186.33999633789062
2024-02-12,5021.83984375,186.16000366210938
2024-02-13,4953.169921875,183.6999969482422
2024-02-14,5000.6201171875,183.57000732421875
2024-02-15,5029.72998046875,186.8699951171875
2024-02-16,5005.56982421875,187.63999938964844
2024-02-20,4975.509765625,183.44000244140625
2024-02-21,4981.7998046875,179.6999969482422
2024-02-22,5087.02978515625,184.2100067138672
2024-02-23,5088.7998046875,185.72000122070312
2024-02-26,5069.52978515625,184.1300048828125
2024-02-27,5078.18017578125,184.8699951171875
2024-02-28,5069.759765625,185.3000030517578
2024-02-29,5096.27001953125,185.02999877929688
2024-03-01,5137.080078125,188.1999969482422
2024-03-04,5130.9501953125,193.05999755859375
2024-03-05,5078.64990234375,191.9499969482422
2024-03-06,5104.759765625,196.16000366210938
2024-03-07,5157.35986328125,196.5399932861328
2024-03-08,5123.68994140625,195.9499969482422
2024-03-11,5117.93994140625,191.72999572753906
2024-03-12,5175.27001953125,197.77999877929688
2024-03-13,5165.31005859375,196.6999969482422
2024-03-14,5150.47998046875,193.42999267578125
2024-03-15,5117.08984375,191.07000732421875
2024-03-18,5149.419921875,191.69000244140625
2024-03-19,5178.509765625,193.33999633789062
2024-03-20,5224.6201171875,193.9600067138672
2024-03-21,5241.52978515625,191.89999389648438
2024-03-22,5234.18017578125,190.83999633789062
2024-03-25,5218.18994140625,188.7899932861328
2024-03-26,5203.580078125,188.5
2024-03-27,5248.490234375,190.8000030517578
2024-03-28,5254.35009765625,190.9600067138672
2024-04-01,5243.77001953125,189.8300018310547
2024-04-02,5205.81005859375,188.8800048828125
2024-04-03,5211.490234375,190.89999389648438
2024-04-04,5147.2099609375,187.94000244140625
2024-04-05,5204.33984375,189.13999938964844
2024-04-08,5202.39013671875,189.82000732421875
2024-04-09,5209.91015625,189.30999755859375
2024-04-10,5160.64013671875,186.0399932861328
2024-04-11,5199.06005859375,185.89999389648438
2024-04-12,5123.41015625,182.27000427246094
2024-04-15,5061.81982421875,181.25
2024-04-16,5051.41015625,183.75
2024-04-17,5022.2099609375,183.10000610351562
2024-04-18,5011.1201171875,181.47000122070312
2024-04-19,4967.22998046875,181.5800018310547
2024-04-22,5010.60009765625,181.89999389648438
2024-04-23,5070.5498046875,182.19000244140625
2024-04-24,5071.6298828125,184.10000610351562
2024-04-25,5048.419921875,168.91000366210938
2024-04-26,5099.9599609375,167.1300048828125
2024-04-29,5116.169921875,167.42999267578125
2024-04-30,5035.68994140625,166.1999969482422
2024-05-01,5018.39013671875,164.42999267578125
2024-05-02,5064.2001953125,164.69000244140625
2024-05-03,5127.7900390625,165.7100067138672
2024-05-06,5180.740234375,168.61000061035156
2024-05-07,5187.7001953125,168.3800048828125
2024-05-08,5187.669921875,169.89999389648438
2024-05-09,5214.080078125,166.27000427246094
2024-05-10,5222.68017578125,167.14999389648438
2024-05-13,5221.419921875,167.55999755859375
2024-05-14,5246.68017578125,167.36000061035156
2024-05-15,5308.14990234375,168.25999450683594
2024-05-16,5297.10009765625,168.97000122070312
2024-05-17,5303.27001953125,169.02999877929688
2024-05-20,5308.1298828125,169.9199981689453
2024-05-21,5321.41015625,173.47000122070312
2024-05-22,5307.009765625,173.69000244140625
2024-05-23,5267.83984375,170.6699981689453
2024-05-24,5304.72021484375,170.88999938964844
2024-05-28,5306.0400390625,169.66000366210938
2024-05-29,5266.9501953125,167.0500030517578
2024-05-30,5235.47998046875,165.6300048828125
2024-05-31,5277.509765625,166.85000610351562
2024-06-03,5283.39990234375,165.27999877929688
2024-06-04,5291.33984375,165.80999755859375
2024-06-05,5354.02978515625,167.3800048828125
2024-06-06,5352.9599609375,168.1999969482422
2024-06-07,5346.990234375,170.00999450683594
2024-06-10,5360.7900390625,170.3800048828125
2024-06-11,5375.31982421875,169.32000732421875
2024-06-12,5421.02978515625,169.0
2024-06-13,5433.740234375,169.1199951171875
2024-06-14,5431.60009765625,169.2100067138672
2024-06-17,5473.22998046875,169.5
2024-06-18,5487.02978515625,170.5500030517578
2024-06-20,5473.169921875,173.9199981689453
2024-06-21,5464.6201171875,172.4600067138672
2024-06-24,5447.8701171875,175.00999450683594
2024-06-25,5469.2998046875,172.60000610351562
2024-06-26,5477.89990234375,171.8699951171875
2024-06-27,5482.8701171875,170.85000610351562
2024-06-28,5460.47998046875,172.9499969482422
2024-07-01,5475.08984375,175.10000610351562
2024-07-02,5509.009765625,177.3000030517578
2024-07-03,5537.02001953125,175.72999572753906
2024-07-05,5567.18994140625,176.02000427246094
2024-07-08,5572.85009765625,177.63999938964844
2024-07-09,5576.97998046875,176.47999572753906
2024-07-10,5633.91015625,177.83999633789062
2024-07-11,5584.5400390625,178.30999755859375
2024-07-12,5615.35009765625,182.8300018310547
2024-07-15,5631.22021484375,182.8800048828125
2024-07-16,5667.2001953125,185.80999755859375
2024-07-17,5588.27001953125,187.4499969482422
2024-07-18,5544.58984375,185.22000122070312
2024-07-19,5505.0,183.25
2024-07-22,5564.41015625,184.14999389648438
2024-07-23,5555.740234375,184.10000610351562
2024-07-24,5427.1298828125,184.02000427246094
2024-07-25,5399.22021484375,191.97999572753906
2024-07-26,5459.10009765625,191.75
2024-07-29,5463.5400390625,191.5
2024-07-30,5436.43994140625,191.0399932861328
2024-07-31,5522.2998046875,192.13999938964844
2024-08-01,5446.68017578125,189.66000366210938
2024-08-02,5346.56005859375,189.1199951171875
2024-08-05,5186.330078125,183.30999755859375
2024-08-06,5240.02978515625,186.8000030517578
2024-08-07,5199.5,186.8000030517578
2024-08-08,5319.31005859375,192.61000061035156
2024-08-09,5344.16015625,191.4499969482422
2024-08-12,5344.39013671875,189.47999572753906
2024-08-13,5434.43017578125,190.99000549316406
2024-08-14,5455.2099609375,192.32000732421875
2024-08-15,5543.22021484375,193.9499969482422
2024-08-16,5554.25,193.77999877929688
2024-08-19,5608.25,194.72999572753906
2024-08-20,5597.1201171875,196.02999877929688
2024-08-21,5620.85009765625,197.2100067138672
2024-08-22,5570.64013671875,195.9600067138672
2024-08-23,5634.60986328125,196.10000610351562
2024-08-26,5616.83984375,197.97999572753906
2024-08-27,5625.7998046875,198.72999572753906
2024-08-28,5592.18017578125,198.4600067138672
2024-08-29,5591.9599609375,198.89999389648438
2024-08-30,5648.39990234375,202.1300048828125
2024-09-03,5528.93017578125,201.27999877929688
2024-09-04,5520.06982421875,204.11000061035156
2024-09-05,5503.41015625,202.58999633789062
2024-09-06,5408.419921875,200.74000549316406
2024-09-09,5471.0498046875,203.52999877929688
2024-09-10,5495.52001953125,205.32000732421875
2024-09-11,5554.1298828125,209.88999938964844
2024-09-12,5595.759765625,211.61000061035156
2024-09-13,5626.02001953125,214.7899932861328
2024-09-16,5633.08984375,217.16000366210938
2024-09-17,5634.580078125,214.1300048828125
2024-09-18,5618.259765625,214.94000244140625
2024-09-19,5713.64013671875,213.88999938964844
2024-09-20,5702.5498046875,217.6999969482422
2024-09-23,5718.56982421875,220.5
2024-09-24,5732.93017578125,220.97000122070312
2024-09-25,5722.259765625,221.22999572753906
2024-09-26,5745.3701171875,223.42999267578125
2024-09-27,5738.169921875,220.83999633789062
2024-09-30,5762.47998046875,221.0800018310547
2024-10-01,5708.75,219.35000610351562
2024-10-02,5709.5400390625,219.72999572753906
2024-10-03,5699.93994140625,222.72000122070312
2024-10-04,5751.06982421875,226.0
2024-10-07,5695.93994140625,227.1199951171875
2024-10-08,5751.1298828125,228.6199951171875
2024-10-09,5792.0400390625,234.3000030517578
2024-10-10,5780.0498046875,233.02000427246094
2024-10-11,5815.02978515625,233.25999450683594
2024-10-14,5859.85009765625,235.25999450683594
2024-10-15,5815.259765625,232.9600067138672
2024-10-16,5842.47021484375,233.6699981689453
2024-10-17,5841.47021484375,232.8800048828125
2024-10-18,5864.669921875,232.1999969482422
2024-10-21,5853.97998046875,231.75
2024-10-22,5851.2001953125,232.25
2024-10-23,5797.419921875,232.75
2024-10-24,5809.85986328125,218.38999938964844
2024-10-25,5808.1201171875,214.6699981689453
2024-10-28,5823.52001953125,212.91000366210938
2024-10-29,5832.919921875,210.42999267578125
2024-10-30,5813.669921875,204.89999389648438
2024-10-31,5705.4501953125,206.72000122070312
2024-11-01,5728.7998046875,208.25
2024-11-04,5712.68994140625,206.32000732421875
2024-11-05,5782.759765625,207.57000732421875
2024-11-06,5929.0400390625,213.60000610351562
2024-11-07,5973.10009765625,213.69000244140625
2024-11-08,5995.5400390625,213.72000122070312
2024-11-11,6001.35009765625,213.57000732421875
2024-11-12,5983.990234375,210.86000061035156
2024-11-13,5985.3798828125,210.9199981689453
2024-11-14,5949.169921875,208.99000549316406
2024-11-15,5870.6201171875,204.99000549316406
2024-11-18,5893.6201171875,208.08999633789062
2024-11-19,5916.97998046875,210.25
2024-11-20,5917.10986328125,214.60000610351562
2024-11-21,5948.7099609375,222.39999389648438
2024-11-22,5969.33984375,222.97000122070312
2024-11-25,5987.3701171875,226.1300048828125
2024-11-26,6021.6298828125,228.8300018310547
2024-11-27,5998.740234375,226.9199981689453
2024-11-29,6032.3798828125,227.41000366210938
2024-12-02,6047.14990234375,227.38999938964844
2024-12-03,6049.8798828125,229.0
2024-12-04,6086.490234375,233.49000549316406
2024-12-05,6075.10986328125,234.75
2024-12-06,6090.27001953125,238.0399932861328
2024-12-09,6052.85009765625,230.0
2024-12-10,6034.91015625,231.72000122070312
2024-12-11,6084.18994140625,230.1199951171875
2024-12-12,6051.25,232.25999450683594
2024-12-13,6051.08984375,230.82000732421875
2024-12-16,6074.080078125,229.3300018310547
2024-12-17,6050.60986328125,228.97000122070312
2024-12-18,5872.16015625,220.1699981689453
2024-12-19,5867.080078125,223.9199981689453
2024-12-20,5930.85009765625,223.36000061035156
2024-12-23,5974.06982421875,221.92999267578125
2024-12-24,6040.0400390625,224.41000366210938
2024-12-26,6037.58984375,224.88999938964844
2024-12-27,5970.83984375,222.77999877929688
2024-12-30,5906.93994140625,220.25
2024-12-31,5881.6298828125,219.8300018310547
2025-01-02,5868.5498046875,219.94000244140625
2025-01-03,5942.47021484375,222.64999389648438
2025-01-06,5975.3798828125,222.6699981689453
2025-01-07,5909.02978515625,223.9600067138672
2025-01-08,5918.25,223.17999267578125
2025-01-10,5827.0400390625,219.75
2025-01-13,5836.22021484375,217.39999389648438
2025-01-14,5842.91015625,217.75
2025-01-15,5949.91015625,220.02999877929688
2025-01-16,5937.33984375,222.66000366210938
2025-01-17,5996.66015625,224.7899932861328
2025-01-21,6049.240234375,224.25999450683594
2025-01-22,6086.3701171875,223.25999450683594
2025-01-23,6118.7099609375,226.0399932861328
2025-01-24,6101.240234375,224.8000030517578
2025-01-27,6012.27978515625,224.1300048828125
2025-01-28,6067.7001953125,225.66000366210938
2025-01-29,6039.31005859375,228.6300048828125
2025-01-30,6071.169921875,258.2699890136719
2025-01-31,6040.52978515625,255.6999969482422
2025-02-03,5994.56982421875,260.7300109863281
2025-02-04,6037.8798828125,264.4599914550781
2025-02-05,6061.47998046875,263.29998779296875
2025-02-06,6083.56982421875,253.44000244140625
2025-02-07,6025.990234375,252.33999633789062
2025-02-10,6066.43994140625,249.27000427246094
2025-02-11,6068.5,254.6999969482422
2025-02-12,6051.97021484375,255.80999755859375
2025-02-13,6115.06982421875,259.19000244140625
2025-02-14,6114.6298828125,261.2799987792969
2025-02-18,6129.580078125,263.07000732421875
2025-02-19,6144.14990234375,264.32000732421875
2025-02-20,6117.52001953125,264.739990234375
2025-02-21,6013.1298828125,261.4800109863281
2025-02-24,5983.25,261.8699951171875
2025-02-25,5955.25,257.75
2025-02-26,5956.06005859375,255.83999633789062
2025-02-27,5861.56982421875,253.22999572753906
2025-02-28,5954.5,252.44000244140625
2025-03-03,5849.72021484375,250.19000244140625
2025-03-04,5778.14990234375,253.2100067138672
2025-03-05,5842.6298828125,251.35000610351562
2025-03-06,5738.52001953125,248.69000244140625
2025-03-07,5770.2001953125,261.5400085449219
2025-03-10,5614.56005859375,256.8999938964844
2025-03-11,5572.06982421875,248.9499969482422
2025-03-12,5599.2998046875,249.6300048828125
2025-03-13,5521.52001953125,245.8000030517578
2025-03-14,5638.93994140625,248.35000610351562
2025-03-17,5675.1201171875,252.97000122070312
2025-03-18,5614.66015625,246.9499969482422
2025-03-19,5675.2900390625,252.2899932861328
2025-03-20,5662.89013671875,243.32000732421875
2025-03-21,5667.56005859375,243.8699951171875
2025-03-24,5767.56982421875,248.4499969482422
2025-03-25,5776.64990234375,249.89999389648438
2025-03-26,5712.2001953125,250.33999633789062
2025-03-27,5693.31005859375,246.2100067138672
2025-03-28,5580.93994140625,244.0
2025-03-31,5611.85009765625,248.66000366210938
2025-04-01,5633.06982421875,250.33999633789062
2025-04-02,5670.97021484375,249.97999572753906
2025-04-03,5396.52001953125,243.49000549316406
2025-04-04,5074.080078125,227.47999572753906
2025-04-07,5062.25,225.77999877929688
2025-04-08,4982.77001953125,221.02999877929688
2025-04-09,5456.89990234375,235.30999755859375
2025-04-10,5268.0498046875,229.5500030517578
2025-04-11,5363.35986328125,235.47999572753906
2025-04-14,5405.97021484375,239.05999755859375
2025-04-15,5396.6298828125,240.6999969482422
2025-04-16,5275.7001953125,238.57000732421875
2025-04-17,5282.7001953125,238.80999755859375
2025-04-21,5158.2001953125,236.22000122070312
2025-04-22,5287.759765625,240.89999389648438
2025-04-23,5375.85986328125,245.47999572753906
2025-04-24,5484.77001953125,229.3300018310547
2025-04-25,5525.2099609375,232.41000366210938
2025-04-28,5528.75,236.16000366210938
2025-04-29,5560.830078125,239.38999938964844
2025-04-30,5569.06005859375,241.82000732421875
2025-05-01,5604.14013671875,239.66000366210938
2025-05-02,5686.669921875,245.5500030517578
2025-05-05,5650.3798828125,249.17999267578125
2025-05-06,5606.91015625,249.1199951171875
2025-05-07,5631.27978515625,253.3699951171875
2025-05-08,5663.93994140625,254.13999938964844
2025-05-09,5659.91015625,249.1999969482422
2025-05-12,5844.18994140625,253.69000244140625
2025-05-13,5886.5498046875,258.5899963378906
2025-05-14,5892.580078125,257.82000732421875
2025-05-15,5916.93017578125,266.67999267578125
2025-05-16,5958.3798828125,266.760009765625
2025-05-19,5963.60009765625,268.4100036621094
2025-05-20,5940.4599609375,266.95001220703125
2025-05-21,5844.60986328125,260.8699951171875
2025-05-22,5842.009765625,258.3699951171875
2025-05-23,5802.81982421875,258.6300048828125
2025-05-27,5921.5400390625,263.2300109863281
2025-05-28,5888.5498046875,260.239990234375
2025-05-29,5912.169921875,258.69000244140625
2025-05-30,5911.68994140625,259.05999755859375
2025-06-02,5935.93994140625,263.8999938964844
2025-06-03,5970.3701171875,265.20001220703125
2025-06-04,5970.81005859375,265.5199890136719
2025-06-05,5939.2998046875,266.8599853515625
2025-06-06,6000.35986328125,268.8699951171875
2025-06-09,6005.8798828125,272.0799865722656
2025-06-10,6038.81005859375,276.239990234375
2025-06-11,6022.240234375,281.5199890136719
2025-06-12,6045.259765625,281.0299987792969
2025-06-13,5976.97021484375,277.2200012207031
2025-06-16,6033.10986328125,281.8299865722656
2025-06-17,5982.72021484375,283.04998779296875
2025-06-18,5980.8701171875,283.2099914550781
2025-06-20,5967.83984375,280.9700012207031
2025-06-23,6025.169921875,289.17999267578125
2025-06-24,6092.18017578125,293.7900085449219
2025-06-25,6092.16015625,291.05999755859375
2025-06-26,6141.02001953125,291.92999267578125
2025-06-27,6173.06982421875,289.70001220703125
2025-06-30,6204.9501953125,294.7799987792969
2025-07-01,6198.009765625,291.20001220703125
2025-07-02,6227.419921875,287.6499938964844
2025-07-03,6279.35009765625,291.9700012207031
2025-07-07,6229.97998046875,292.4700012207031
2025-07-08,6225.52001953125,290.4200134277344
2025-07-09,6263.259765625,290.1400146484375
2025-07-10,6280.4599609375,287.42999267578125
2025-07-11,6259.75,283.5899963378906
2025-07-14,6268.56005859375,283.7900085449219
2025-07-15,6243.759765625,282.70001220703125
2025-07-16,6263.7001953125,281.9200134277344
2025-07-17,6297.35986328125,282.0
2025-07-18,6296.7900390625,285.8699951171875
2025-07-21,6305.60009765625,284.7099914550781
2025-07-22,6309.6201171875,281.9599914550781
2025-07-23,6358.91015625,282.010009765625
2025-07-24,6363.35009765625,260.510009765625
2025-07-25,6388.64013671875,259.7200012207031
2025-07-28,6389.77001953125,263.2099914550781
2025-07-29,6370.85986328125,262.4100036621094
2025-07-30,6362.89990234375,260.260009765625
2025-07-31,6339.39013671875,253.14999389648438
2025-08-01,6238.009765625,250.0500030517578
2025-08-04,6329.93994140625,251.97999572753906
2025-08-05,6299.18994140625,250.6699981689453
2025-08-06,6345.06005859375,252.27999877929688
2025-08-07,6340.0,250.16000366210938
2025-08-08,6389.4501953125,242.27000427246094
2025-08-11,6373.4501953125,236.3000030517578
2025-08-12,6445.759765625,234.77000427246094
2025-08-13,6466.580078125,240.07000732421875
2025-08-14,6468.5400390625,237.11000061035156
2025-08-15,6449.7998046875,239.72000122070312
2025-08-18,6449.14990234375,239.4499969482422
2025-08-19,6411.3701171875,241.27999877929688
2025-08-20,6395.77978515625,242.5500030517578
2025-08-21,6370.169921875,239.39999389648438
2025-08-22,6466.91015625,242.08999633789062
2025-08-25,6439.31982421875,239.42999267578125
2025-08-26,6465.93994140625,242.6300048828125
2025-08-27,6481.39990234375,244.83999633789062
2025-08-28,6501.85986328125,245.72999572753906
2025-08-29,6460.259765625,243.49000549316406
2025-09-02,6415.5400390625,241.5
2025-09-03,6448.259765625,244.10000610351562
2025-09-04,6502.080078125,247.17999267578125
2025-09-05,6481.5,248.52999877929688
2025-09-08,6495.14990234375,256.0899963378906
2025-09-09,6512.60986328125,259.1099853515625
2025-09-10,6532.0400390625,256.8800048828125
2025-09-11,6587.47021484375,257.010009765625
2025-09-12,6584.2900390625,253.44000244140625
2025-09-15,6615.27978515625,256.239990234375
2025-09-16,6606.759765625,257.5199890136719
2025-09-17,6600.35009765625,259.0799865722656
2025-09-18,6631.9599609375,265.0
2025-09-19,6664.35986328125,266.3999938964844
2025-09-22,6693.75,271.3699951171875
2025-09-23,6656.919921875,272.239990234375
2025-09-24,6637.97021484375,267.5299987792969
2025-09-25,6604.72021484375,281.44000244140625
2025-09-26,6643.7001953125,284.30999755859375
2025-09-29,6661.2099609375,279.79998779296875
2025-09-30,6688.4599609375,282.1600036621094
2025-10-01,6708.7001953125,283.47601318359375
